Title,Title_link,Price,count___1LWwo,Headline,Field1,Field2,Field3
Yuanxian Rice Crust Snack 130 g,https://www.sayweee.com/en/product/Yuanxian-Rice-Crust-Snack/25950,$1.99,1K+ Sold,Yuanxian Rice Crust Snack,(209),Mainland China,
"Yumei Rice Crust, Salted Yolk Flavor 118 g",https://www.sayweee.com/en/product/Yumei-Rice-Crust-Salted-Yolk-Flavor/24198,$3.69,600+ Sold,"Yumei Rice Crust, Salted Yolk Flavor",(59),Mainland China,YUMEI
"Bestore Egg Yolk Rice Crust, Crab Flavor 75 g",https://www.sayweee.com/en/product/Bestore-Egg-Yolk-Rice-Crust-Crab-Flavor/71733,$2.19,400+ Sold,"Bestore Egg Yolk Rice Crust, Crab Flavor",(27),Mainland China,
Three Squirrels Rice Crust Snack  60 g,https://www.sayweee.com/en/product/Three-Squirrels-Rice-Crust-Snack-/70315,$1.99,300+ Sold,Three Squirrels Rice Crust Snack,(39),Mainland China,THREE SQUIRRELS
"Huajiao Rice Crust, Spicy Flavor 158 g",https://www.sayweee.com/en/product/Huajiao-Rice-Crust--Spicy-Flavor/30787,$2.49,200+ Sold,"Huajiao Rice Crust, Spicy Flavor",(9),Mainland China,
"Huajiao Rice Crust, Peppercorn Flavor 158 g",https://www.sayweee.com/en/product/Huajiao-Rice-Crust--Peppercorn-Flavor/30848,$2.49,"200+ Sold,1 Left","Huajiao Rice Crust, Peppercorn Flavor",(3),Mainland China,
Rice Crust (Spicy Flavor) 80 g,https://www.sayweee.com/en/product/Rice-Crust--Spicy-Flavor-/86025,$2.49,100+ Sold,Rice Crust (Spicy Flavor),,Mainland China,
Rice Crust Fried Beef 1 each,https://www.sayweee.com/en/restaurants/2203?ws=shopping-search,$21.60,,Weee!,,,
Bestore Millet Crisp Crust Rice Crackers  90 g,https://www.sayweee.com/en/product/Bestore-Millet-Crisp-Crust-Rice-Crackers-/4653,$2.49,1K+ Sold,Bestore Millet Crisp Crust Rice Crackers,(45),Mainland China,
"Bestore Millet Crisp Crust Rice Crackers, Hot and Spicy Flavor 90 g",https://www.sayweee.com/en/product/Bestore-Millet-Crisp-Crust-Rice-Crackers--Hot-and-Spicy-Flavor/95951,$3.29,600+ Sold,"Bestore Millet Crisp Crust Rice Crackers, Hot and Spicy Flavor",(56),Mainland China,
"Songshan Pingdi Crisp Crust Cracker, Spicy Flavor 120 g",https://www.sayweee.com/en/product/Songshan-Pingdi-Crisp-Crust-Cracker-Spicy-Flavor/30974,$1.99,200+ Sold,"Songshan Pingdi Crisp Crust Cracker, Spicy Flavor",(68),Mainland China,
"Haobalaiba Millet Crisp Crust, Spicy Flavor 105 g",https://www.sayweee.com/en/product/Haobalaiba-Millet-Crisp-Crust-Spicy-Flavor/31524,$1.49,200+ Sold,"Haobalaiba Millet Crisp Crust, Spicy Flavor",(14),Mainland China,
"Millet crisp crust, Cumin Flavor  130 g",https://www.sayweee.com/en/product/Millet-crisp-crust--Cumin-Flavor-/83425,$2.09,200+ Sold,"Millet crisp crust, Cumin Flavor",(4),Mainland China,Hua Jiao Shi Jia
"Songshan Fangdan Crisp Crust, Spicy Crawfish Flavor 120 g",https://www.sayweee.com/en/product/Songshan-Fangdan-Crisp-Crust-Spicy-Crawfish-Flavor/31536,$1.99,100+ Sold,"Songshan Fangdan Crisp Crust, Spicy Crawfish Flavor",(53),Mainland China,SONGSHAN
"Millet crisp crust, Spicy Flavor  130 g",https://www.sayweee.com/en/product/Millet-crisp-crust--Spicy-Flavor-/83427,$2.09,100+ Sold,"Millet crisp crust, Spicy Flavor",(4),Mainland China,
"Millet crisp crust, Tomato Flavor 130 g",https://www.sayweee.com/en/product/Millet-crisp-crust--Tomato-Flavor/83426,$2.09,50+ Sold,"Millet crisp crust, Tomato Flavor",(6),Mainland China,Hua Jiao Shi Jia
"Ao Kun Small Portuguese Style Tart Crust, Frozen 60pc 570 g",https://www.sayweee.com/en/product/Ao-Kun-Small-Portuguese-Style-Tart-Crust--Frozen-60pc/36862,$8.59,400+ Sold,"Ao Kun Small Portuguese Style Tart Crust, Frozen 60pc",(58),Mainland China,
"Sachima Rice,Classic Egg Flavor  526 g",https://www.sayweee.com/en/product/Sachima-Rice-Classic-Egg-Flavor-/13765,$5.69,1K+ Sold,"Sachima Rice,Classic Egg Flavor",(145),Mainland China,
Steak Flavor Rice Crisps 210 g,https://www.sayweee.com/en/product/Steak-Flavor-Rice-Crisps/65747,$3.49,1K+ Sold,Steak Flavor Rice Crisps,(72),Mainland China,
"Beitian Energy Rice Rolls, Egg Yolk Flavor  180 g",https://www.sayweee.com/en/product/Beitian-Energy-Rice-Rolls--Egg-Yolk-Flavor-/97217,$2.99,"1K+ Sold,14 Left","Beitian Energy Rice Rolls, Egg Yolk Flavor",(387),Taiwan,
Bin Bin Rice Crackers 3.73 oz,https://www.sayweee.com/en/product/Bin-Bin-Rice-Crackers/42723,$1.29,"1K+ Sold,12 Left",Bin Bin Rice Crackers,(9),Thailand,
CJ Bibigo Original Seaweed Crisps with Brown Rice 20 g,https://www.sayweee.com/en/product/CJ-Bibigo-Original-Seaweed-Crisps-with-Brown-Rice/98771,$2.49,700+ Sold,CJ Bibigo Original Seaweed Crisps with Brown Rice,(68),South Korea,Bibigo
HAITAI Tteokbokki Rice Cake Chips  192 g,https://www.sayweee.com/en/product/HAITAI-Tteokbokki-Rice-Cake-Chips-/11130,$3.99,600+ Sold,HAITAI Tteokbokki Rice Cake Chips,(16),South Korea,HAITAI
HanZhengXuan Original Rice Cake 200 g,https://www.sayweee.com/en/product/HanZhengXuan-Original-Rice-Cake/97799,$3.49,600+ Sold,HanZhengXuan Original Rice Cake,(116),Taiwan,
LONGKANG Crispy Rice Crackers 25 g,https://www.sayweee.com/en/product/LONGKANG-Crispy-Rice-Crackers/13087,$0.59,600+ Sold,LONGKANG Crispy Rice Crackers,(15),Mainland China,
Amanoya Himemaru Japanese Rice Cracker Snack  3.45 oz,https://www.sayweee.com/en/product/Amanoya-Himemaru-Japanese-Rice-Cracker-Snack-/98358,$1.99,500+ Sold,Amanoya Himemaru Japanese Rice Cracker Snack,(60),Japan,
Want Want Shelly Senbei Rice Crackers 520 g,https://www.sayweee.com/en/product/Want-Want-Shelly-Senbei-Rice-Crackers/17914,$9.99,400+ Sold,Want Want Shelly Senbei Rice Crackers,(168),Mainland China,
"Likee Rice Crisps, Crab Flavor 96 g",https://www.sayweee.com/en/product/Likee-Rice-Crisps-Crab-Flavor/16869,$2.79,300+ Sold,"Likee Rice Crisps, Crab Flavor",(63),Mainland China,
Sun Pepper Crispy Rice Crackers Spicy 108 g,https://www.sayweee.com/en/product/Sun-Pepper-Crispy-Rice-Crackers-Spicy/86797,$3.49,300+ Sold,Sun Pepper Crispy Rice Crackers Spicy,,Mainland China,
"Ottogi Ppushu Ppushu Noodle Snack, Spicy Rice Cake Flavor 3.18 oz",https://www.sayweee.com/en/product/Ottogi-Ppushu-Ppushu-Noodle-Snack--Spicy-Rice-Cake-Flavor/82773,$0.99,300+ Sold,"Ottogi Ppushu Ppushu Noodle Snack, Spicy Rice Cake Flavor",(2),South Korea,Ottogi
MTT Brand Instant Rice Paper Snack 7 oz,https://www.sayweee.com/en/product/MTT-Brand-Instant-Rice-Paper-Snack/84566,$3.29,200+ Sold,MTT Brand Instant Rice Paper Snack,(3),Vietnam,
"SUN Pepper Crispy Rice Crackers,Honey Chicken Wing Flavor  108 g",https://www.sayweee.com/en/product/SUN-Pepper-Crispy-Rice-Crackers-Honey-Chicken-Wing-Flavor-/86799,$3.49,200+ Sold,"SUN Pepper Crispy Rice Crackers,Honey Chicken Wing Flavor",,Mainland China,
Regent Snacku Vegetable Flavored Rice Crackers 60 g,https://www.sayweee.com/en/product/Regent-Snacku-Vegetable-Flavored-Rice-Crackers/9668,$1.29,200+ Sold,Regent Snacku Vegetable Flavored Rice Crackers,(4),Philippines,Regent
Dang Coconut Crunch Thai Rice Chips  3.5 oz,https://www.sayweee.com/en/product/Dang-Coconut-Crunch-Thai-Rice-Chips-/2449,$4.49,200+ Sold,Dang Coconut Crunch Thai Rice Chips,(3),Thailand,
"Glutinous Rice Rolls, Assorted Flavors 500 g",https://www.sayweee.com/en/product/Glutinous-Rice-Rolls--Assorted-Flavors/17626,$6.29,200+ Sold,"Glutinous Rice Rolls, Assorted Flavors",(22),Mainland China,
"Hello Kitty Grains Crispy Rice Roll, Egg Yolk Flavor 160 g",https://www.sayweee.com/en/product/Hello-Kitty-Grains-Crispy-Rice-Roll--Egg-Yolk-Flavor/19290,$2.99,100+ Sold,"Hello Kitty Grains Crispy Rice Roll, Egg Yolk Flavor",(18),Mainland China,
Want Want Senbei Rice Crackers  520 g,https://www.sayweee.com/en/product/Want-Want-Senbei-Rice-Crackers-/38924,$9.99,100+ Sold,Want Want Senbei Rice Crackers,(2),Taiwan,WANT WANT
Hsin Tung Yang Seaweed Snack with Purple Rice 40 g,https://www.sayweee.com/en/product/Hsin-Tung-Yang-Seaweed-Snack-with-Purple-Rice/30339,$3.39,100+ Sold,Hsin Tung Yang Seaweed Snack with Purple Rice,(7),Taiwan,HSIN TUNG YANG
TAIYANG Sun Rice Chips Cumin Flavor 50 g,https://www.sayweee.com/en/product/TAIYANG-Sun-Rice-Chips-Cumin-Flavor/61355,$1.49,50+ Sold,TAIYANG Sun Rice Chips Cumin Flavor,(36),Mainland China,
"Sha Er Ge Coarse Grain Rice Crisps, Scallion Flavor 100 g",https://www.sayweee.com/en/product/Sha-Er-Ge-Coarse-Grain-Rice-Crisps--Scallion-Flavor/48298,$1.89,50+ Sold,"Sha Er Ge Coarse Grain Rice Crisps, Scallion Flavor",(2),Mainland China,
Surasang Korean Rice Senbei Crackers 300 g,https://www.sayweee.com/en/product/Surasang-Korean-Rice-Senbei-Crackers/38103,$5.99,50+ Sold,Surasang Korean Rice Senbei Crackers,(37),Mainland China,Surasang
"Sha Er Ge Coarse Grain Rice Crisps, Spicy Flavor 100 g",https://www.sayweee.com/en/product/Sha-Er-Ge-Coarse-Grain-Rice-Crisps--Spicy-Flavor/48299,$1.99,50+ Sold,"Sha Er Ge Coarse Grain Rice Crisps, Spicy Flavor",,Mainland China,Sha Er Ge
Surasang Syrup Coated Rice Senbei 300 g,https://www.sayweee.com/en/product/Surasang-Syrup-Coated-Rice-Senbei/38182,$6.99,50+ Sold,Surasang Syrup Coated Rice Senbei,(33),Mainland China,Surasang
Lundberg Family Farms Organic Lightly Salted Brown Rice Cakes 8.5 oz,https://www.sayweee.com/en/product/Lundberg-Family-Farms-Organic-Lightly-Salted-Brown-Rice-Cakes/5247,$3.99,50+ Sold,Lundberg Family Farms Organic Lightly Salted Brown Rice Cakes,(3),United States,
Dang Sriracha Spice Thai Rice Chips  3.5 oz,https://www.sayweee.com/en/product/Dang-Sriracha-Spice-Thai-Rice-Chips-/2471,$4.49,50+ Sold,Dang Sriracha Spice Thai Rice Chips,(3),Thailand,
Want Want Assorted Rice Crackers Gift 460 g,https://www.sayweee.com/en/product/Want-Want-Assorted-Rice-Crackers-Gift/82309,$15.99,50+ Sold,Want Want Assorted Rice Crackers Gift,,Mainland China,WANT WANT
"WL Rice Cracker, Sesame Flavor 108 g",https://www.sayweee.com/en/product/WL-Rice-Cracker--Sesame-Flavor/85586,$2.79,50+ Sold,"WL Rice Cracker, Sesame Flavor",,Mainland China,
"Captain Danny Puffed Rice, Hokkaido Corn Soup Flavor 100 g",https://www.sayweee.com/en/product/Captain-Danny-Puffed-Rice-Hokkaido-Corn-Soup-Flavor/70255,$5.69,,"Captain Danny Puffed Rice, Hokkaido Corn Soup Flavor",(12),Taiwan,Captain Danny
"Beitian Energy 99 Rice Roll, Taro Flavor  180 g",https://www.sayweee.com/en/product/Beitian-Energy-99-Rice-Roll--Taro-Flavor-/36486,$2.99,,"Beitian Energy 99 Rice Roll, Taro Flavor",(12),Taiwan,
"Want Want Must-Eat Rice Snack, Original 70 g",https://www.sayweee.com/en/product/Want-Want-MustEat-Rice-Snack-Original/66006,$1.89,,"Want Want Must-Eat Rice Snack, Original",(5),Mainland China,WANT WANT
"Sizzling Rice Crisp, Five Spice Flavor 86 g",https://www.sayweee.com/en/product/Sizzling-Rice-Crisp--Five-Spice-Flavor/33237,$2.59,,"Sizzling Rice Crisp, Five Spice Flavor",(9),Mainland China,
Oh Ma Grain Popped Rice Cracker Fried Garlic 1.5 oz,https://www.sayweee.com/en/product/Oh-Ma-Grain-Popped-Rice-Cracker-Fried-Garlic/35391,$3.29,,Oh Ma Grain Popped Rice Cracker Fried Garlic,(2),Indonesia,
Trygoodz Mido Mixed Nuts and Rice Crackers 180 g,https://www.sayweee.com/en/product/Trygoodz-Mido-Mixed-Nuts-and-Rice-Crackers/65659,$6.79,,Trygoodz Mido Mixed Nuts and Rice Crackers,(7),Taiwan,
Lianggao Well Rice Cake with Brown Sugar Syrup 240 g,https://www.sayweee.com/en/product/Lianggao-Well-Rice-Cake-with-Brown-Sugar-Syrup/11449,$1.79,,Lianggao Well Rice Cake with Brown Sugar Syrup,(9),Mainland China,
"Captain Danny Puffed Rice, Caramel Flavor 100 g",https://www.sayweee.com/en/product/Captain-Danny-Puffed-Rice-Caramel-Flavor/12668,$5.49,,"Captain Danny Puffed Rice, Caramel Flavor",(39),Taiwan,
"Miduoqi Rice Crisp Cakes, Pumpkin Flavor 336 g",https://www.sayweee.com/en/product/Miduoqi-Rice-Crisp-Cakes--Pumpkin-Flavor/82567,$5.89,,"Miduoqi Rice Crisp Cakes, Pumpkin Flavor",(1),Mainland China,
"Captain Danny Puffed Rice, Sour Cream and Onion Flavor 100 g",https://www.sayweee.com/en/product/Captain-Danny-Puffed-Rice-Sour-Cream-and-Onion-Flavor/70256,$5.69,,"Captain Danny Puffed Rice, Sour Cream and Onion Flavor",(5),Taiwan,Captain Danny
Choripdong Rice Cracker Biscuit De Riz 3pk 240 g,https://www.sayweee.com/en/product/Choripdong-Rice-Cracker-Biscuit-De-Riz-3pk/30565,$5.99,,Choripdong Rice Cracker Biscuit De Riz 3pk,(2),South Korea,Choripdong
Oh Ma Grain Popped Rice Cracker Sea Salt 1.5 oz,https://www.sayweee.com/en/product/Oh-Ma-Grain-Popped-Rice-Cracker-Sea-Salt/35387,$3.29,,Oh Ma Grain Popped Rice Cracker Sea Salt,(1),Indonesia,
Oh Ma Grain Popped Rice Cracker Original 1.5 oz,https://www.sayweee.com/en/product/Oh-Ma-Grain-Popped-Rice-Cracker-Original/35392,$3.29,,Oh Ma Grain Popped Rice Cracker Original,(1),Indonesia,
FuXianYuan Rice Flower Ball 7.7 oz,https://www.sayweee.com/en/product/FuXianYuan-Rice-Flower-Ball/17794,$6.19,,FuXianYuan Rice Flower Ball,,Mainland China,
Rice King Thai Sweet Long Grain Rice Bag  4.4 lb,https://www.sayweee.com/en/product/Rice-King-Thai-Sweet-Long-Grain-Rice-Bag-/70953,$7.99,200+ Sold,Rice King Thai Sweet Long Grain Rice Bag,(135),Mainland China,
CJ BARN BARN MI 50% Brown RIce+ 50% Brown Sweet RIce 15 lb,https://www.sayweee.com/en/product/CJ-BARN-BARN-MI-50--Brown-RIce--50--Brown-Sweet-RIce/44763,$19.99,50+ Sold,CJ BARN BARN MI 50% Brown RIce+ 50% Brown Sweet RIce,(25),United States,CJ Foods
Rice King Pon Lai Rice Gold 15 lb,https://www.sayweee.com/en/product/Rice-King-Pon-Lai-Rice-Gold/82510,$29.99,50+ Sold,Rice King Pon Lai Rice Gold,(2),United States,
Golden Rice Taiwan Premium Short Grain Rice 6000 g,https://www.sayweee.com/en/product/Golden-Rice-Taiwan-Premium-Short-Grain-Rice/31814,$26.99,,Golden Rice Taiwan Premium Short Grain Rice,(2),Taiwan,
Rice King Multi Grain Rice 4.4 lb,https://www.sayweee.com/en/product/Rice-King-Multi-Grain-Rice/85875,$14.19,,Rice King Multi Grain Rice,,Thailand,
"Baijia Guizhou Rice Noodles, Beef Flavor 270 g",https://www.sayweee.com/en/product/Baijia-Guizhou-Rice-Noodles--Beef-Flavor/11083,$3.99,1K+ Sold,"Baijia Guizhou Rice Noodles, Beef Flavor",(224),Mainland China,
Shao Hsing Rice Cooking Wine 750 ml,https://www.sayweee.com/en/product/Shao-Hsing-Rice-Cooking-Wine/85849,$3.99,1K+ Sold,Shao Hsing Rice Cooking Wine,(1237),Mainland China,Shao Hsing
"Haohuanluo River Snails Rice Noodles, Original Flavor  300 g",https://www.sayweee.com/en/product/Haohuanluo-River-Snails-Rice-Noodles--Original-Flavor-/7309,$4.69,1K+ Sold,"Haohuanluo River Snails Rice Noodles, Original Flavor",(209),Mainland China,Happy Snail
Doll Dim Sum Shrimp Cheong Fun Rice Roll 203 g,https://www.sayweee.com/en/product/Doll-Dim-Sum-Shrimp-Cheong-Fun-Rice-Roll/32336,$3.59,1K+ Sold,Doll Dim Sum Shrimp Cheong Fun Rice Roll,(501),Hong Kong,
"Laurel Sesame Rice Balls, Frozen 10pc 1 each",https://www.sayweee.com/en/product/Laurel-Sesame-Rice-Balls-Frozen-10pc/94113,$2.99,1K+ Sold,"Laurel Sesame Rice Balls, Frozen 10pc",(723),Taiwan,Laurel
"Synear Glutinous Rice Balls with Black Sesame, Frozen 400 g",https://www.sayweee.com/en/product/Synear-Glutinous-Rice-Balls-with-Black-Sesame--Frozen/77787,$3.29,1K+ Sold,"Synear Glutinous Rice Balls with Black Sesame, Frozen",(168),Mainland China,Synear
Luobawang Luo Si Tomato Rice Noodles 306 g,https://www.sayweee.com/en/product/Luobawang-Luo-Si-Tomato-Rice-Noodles/63105,$4.49,1K+ Sold,Luobawang Luo Si Tomato Rice Noodles,(234),Mainland China,
Synear Ningbo Black Pearls Sesame Rice Balls 400 g,https://www.sayweee.com/en/product/Synear-Ningbo-Black-Pearls-Sesame-Rice-Balls/59965,$3.19,1K+ Sold,Synear Ningbo Black Pearls Sesame Rice Balls,(56),Mainland China,Synear
Nishiki Premium Medium Grain Rice 15 lb,https://www.sayweee.com/en/product/Nishiki-Premium-Medium-Grain-Rice/78866,$23.99,1K+ Sold,Nishiki Premium Medium Grain Rice,(1037),United States,Nishiki
[HHL] Snails Rice Noodle (Original) 400g 400 g,https://www.sayweee.com/en/product/-HHL--Snails-Rice-Noodle--Original--400g/10917,$4.69,1K+ Sold,[HHL] Snails Rice Noodle (Original) 400g,(83),Mainland China,
Erawan Glutinous Rice Flour 1 lb,https://www.sayweee.com/en/product/Erawan-Glutinous-Rice-Flour/97870,$2.19,1K+ Sold,Erawan Glutinous Rice Flour,(323),Thailand,Erawan
Synear Mini Black Sesame Rice Balls 300 g,https://www.sayweee.com/en/product/Synear-Mini-Black-Sesame-Rice-Balls/26222,$2.49,1K+ Sold,Synear Mini Black Sesame Rice Balls,(86),Mainland China,Synear
"Synear Assorted Mini Rice Balls, Frozen 300 g",https://www.sayweee.com/en/product/Synear-Assorted-Mini-Rice-Balls--Frozen/77789,$3.19,1K+ Sold,"Synear Assorted Mini Rice Balls, Frozen",(201),Mainland China,Synear
Liziqi Snail Rice Noodles 335 g,https://www.sayweee.com/en/product/Liziqi-Snail-Rice-Noodles/28856,$6.49,1K+ Sold,Liziqi Snail Rice Noodles,(197),Mainland China,
"QianWei Rhubarb Glutinous Rice Ball with Black Sesame Filling, Frozen  500 g",https://www.sayweee.com/en/product/QianWei-Rhubarb-Glutinous-Rice-Ball-with-Black-Sesame-Filling--Frozen-/17232,$3.79,1K+ Sold,"QianWei Rhubarb Glutinous Rice Ball with Black Sesame Filling, Frozen",(70),Mainland China,Sweet-Scented
Liuzhou Guangxi Specialty Luo Si Fen Spicy Rice Noodles 315 g,https://www.sayweee.com/en/product/Liuzhou-Guangxi-Specialty-Luo-Si-Fen-Spicy-Rice-Noodles/96741,$4.49,1K+ Sold,Liuzhou Guangxi Specialty Luo Si Fen Spicy Rice Noodles,(222),Mainland China,
Sekka Premium Japanese Medium Grain Rice 15 lb,https://www.sayweee.com/en/product/Sekka-Premium-Japanese-Medium-Grain-Rice/81224,$17.99,1K+ Sold,Sekka Premium Japanese Medium Grain Rice,(395),United States,Sekka
Chiao Kou Purple Rice Porridge with Mixed Chinese Sweets  350 g,https://www.sayweee.com/en/product/Chiao-Kou-Purple-Rice-Porridge-with-Mixed-Chinese-Sweets-/97227,$3.19,1K+ Sold,Chiao Kou Purple Rice Porridge with Mixed Chinese Sweets,(139),,
Brown Sugar Glutinous Rice Cake 220 g,https://www.sayweee.com/en/product/Brown-Sugar-Glutinous-Rice-Cake/65691,$5.49,1K+ Sold,Brown Sugar Glutinous Rice Cake,(73),Mainland China,
"Synear Glutinous Rice Ball with Sesame, Frozen 320 g",https://www.sayweee.com/en/product/Synear-Glutinous-Rice-Ball-with-Sesame--Frozen/77793,$4.69,1K+ Sold,"Synear Glutinous Rice Ball with Sesame, Frozen",(47),Mainland China,
Nishiki Premium Medium Grain Rice 5 lb,https://www.sayweee.com/en/product/Nishiki-Premium-Medium-Grain-Rice/96142,$8.99,1K+ Sold,Nishiki Premium Medium Grain Rice,(113),United States,Nishiki
Fortune Avenue Steamed Rice Cake with Pork Blood 16 oz,https://www.sayweee.com/en/product/Fortune-Avenue-Steamed-Rice-Cake-with-Pork-Blood/66320,$9.49,1K+ Sold,Fortune Avenue Steamed Rice Cake with Pork Blood,(308),United States,
Amoy Glutinous Rice Dumpling 3pc 180 g,https://www.sayweee.com/en/product/Amoy-Glutinous-Rice-Dumpling-3pc/39202,$3.29,1K+ Sold,Amoy Glutinous Rice Dumpling 3pc,(216),Hong Kong,Amoy
Taiwan Brand Glutinous Rice Dumpling with Pork  12 oz,https://www.sayweee.com/en/product/Taiwan-Brand-Glutinous-Rice-Dumpling-with-Pork-/74889,$5.49,1K+ Sold,Taiwan Brand Glutinous Rice Dumpling with Pork,(66),United States,
Doll Dim Sum Mini Glutinous Rice Dumpling 7.9 oz,https://www.sayweee.com/en/product/Doll-Dim-Sum-Mini-Glutinous-Rice-Dumpling/26396,$3.19,1K+ Sold,Doll Dim Sum Mini Glutinous Rice Dumpling,(152),Mainland China,
BYL Red Sweet Rice Dumpling  Frozen 200 g,https://www.sayweee.com/en/product/BYL-Red-Sweet-Rice-Dumpling--Frozen/84515,$2.49,1K+ Sold,BYL Red Sweet Rice Dumpling  Frozen,(13),Mainland China,
Erawan Rice Flour 1 lb,https://www.sayweee.com/en/product/Erawan-Rice-Flour/3042,$1.89,1K+ Sold,Erawan Rice Flour,(245),Thailand,Erawan
LAUREL'S Black Sesame Glutinous Rice Ball 10pc 1 each,https://www.sayweee.com/en/product/LAUREL-S-Black-Sesame-Glutinous-Rice-Ball-10pc/16767,$2.99,1K+ Sold,LAUREL'S Black Sesame Glutinous Rice Ball 10pc,(139),United States,Laurel
Liu Quan Instant Spicy Snail Rice Noodles Vermicelli 315 g,https://www.sayweee.com/en/product/Liu-Quan-Instant-Spicy-Snail-Rice-Noodles-Vermicelli/97903,$4.49,1K+ Sold,Liu Quan Instant Spicy Snail Rice Noodles Vermicelli,(650),Mainland China,
"Vegetarian Rice Mushroom Buns, Frozen 420 g",https://www.sayweee.com/en/product/Vegetarian-Rice-Mushroom-Buns-Frozen/34460,$3.99,1K+ Sold,"Vegetarian Rice Mushroom Buns, Frozen",(434),Mainland China,
Wowo Brand Fermented Glutinous Rice 600 g,https://www.sayweee.com/en/product/Wowo-Brand-Fermented-Glutinous-Rice/97184,$3.99,1K+ Sold,Wowo Brand Fermented Glutinous Rice,(196),Mainland China,
"Si Nian Mini Glutinous Rice Balls, Frozen 300 g",https://www.sayweee.com/en/product/Si-Nian-Mini-Glutinous-Rice-Balls--Frozen/67393,$2.99,"1K+ Sold,27 Left","Si Nian Mini Glutinous Rice Balls, Frozen",(216),Mainland China,
"Master Lee Cooked Rice with Vegan Fish Flavored Eggplant, Frozen  460 g",https://www.sayweee.com/en/product/Master-Lee-Cooked-Rice-with-Vegan-Fish-Flavored-Eggplant--Frozen-/19143,$2.89,1K+ Sold,"Master Lee Cooked Rice with Vegan Fish Flavored Eggplant, Frozen",(54),Mainland China,
Kikkoman Manjo Aji-Mirin Sweet Cooking Rice Seasoning  10 oz,https://www.sayweee.com/en/product/Kikkoman-Manjo-Aji-Mirin-Sweet-Cooking-Rice-Seasoning-/5614,$3.99,1K+ Sold,Kikkoman Manjo Aji-Mirin Sweet Cooking Rice Seasoning,(183),Japan,
"Master Lee Cooked Rice with Sauteed Potato, Green Pepper & Eggplant, Frozen 460 g",https://www.sayweee.com/en/product/Master-Lee-Cooked-Rice-with-Sauteed-Potato--Green-Pepper---Eggplant--Frozen/19078,$3.49,1K+ Sold,"Master Lee Cooked Rice with Sauteed Potato, Green Pepper & Eggplant, Frozen",(42),Mainland China,
Tiger Sugar Black Sugar Sesame Rice Ball 200 g,https://www.sayweee.com/en/product/Tiger-Sugar-Black-Sugar-Sesame-Rice-Ball/47345,$3.29,1K+ Sold,Tiger Sugar Black Sugar Sesame Rice Ball,(79),Taiwan,Tiger Sugar
Aroy-D Sticky Rice with Mango 8.8 oz,https://www.sayweee.com/en/product/Aroy-D-Sticky-Rice-with-Mango/80049,$4.87,1K+ Sold,Aroy-D Sticky Rice with Mango,(21),Thailand,AROYD
FenWeiXiang Hunan Style Rice Noodle 280 g,https://www.sayweee.com/en/product/FenWeiXiang-Hunan-Style-Rice-Noodle/67682,$4.19,900+ Sold,FenWeiXiang Hunan Style Rice Noodle,(215),Mainland China,
"Liuquan Instant Spicy Rice Noodle, Original 400 g",https://www.sayweee.com/en/product/Liuquan-Instant-Spicy-Rice-Noodle--Original/67498,$4.09,900+ Sold,"Liuquan Instant Spicy Rice Noodle, Original",(92),Mainland China,
"Mi Po Po Fermented Glutinous Rice, Large 900 g",https://www.sayweee.com/en/product/Mi-Po-Po-Fermented-Glutinous-Rice-Large/18065,$5.99,900+ Sold,"Mi Po Po Fermented Glutinous Rice, Large",(104),Mainland China,
"Spring Home Mini Rice Balls, Sweet Potato and Taro, Frozen 180 g",https://www.sayweee.com/en/product/Spring-Home-Mini-Rice-Balls--Sweet-Potato-and-Taro--Frozen/40492,$2.69,900+ Sold,"Spring Home Mini Rice Balls, Sweet Potato and Taro, Frozen",(166),United States,
Vegetarian Rice Mushroom Bun  14.8 oz,https://www.sayweee.com/en/product/Vegetarian-Rice-Mushroom-Bun-/72237,$4.49,900+ Sold,Vegetarian Rice Mushroom Bun,(73),Mainland China,
"Liuzhou Snail Rice Noodles, Spicy Plus  400 g",https://www.sayweee.com/en/product/Liuzhou-Snail-Rice-Noodles--Spicy-Plus-/23509,$5.29,900+ Sold,"Liuzhou Snail Rice Noodles, Spicy Plus",(19),Mainland China,
Jiangxi Rice Vermicelli 400 g,https://www.sayweee.com/en/product/Jiangxi-Rice-Vermicelli/44377,$1.99,900+ Sold,Jiangxi Rice Vermicelli,(47),Mainland China,
"Master Lee  Cooked Rice Ball with Cumin & Squid, Frozen 100 g",https://www.sayweee.com/en/product/Master-Lee--Cooked-Rice-Ball-with-Cumin---Squid--Frozen/18080,$1.39,900+ Sold,"Master Lee  Cooked Rice Ball with Cumin & Squid, Frozen",(31),Mainland China,
Rhee Chun New Variety Extra Fancy Rice 15 lb,https://www.sayweee.com/en/product/Rhee-Chun-New-Variety-Extra-Fancy-Rice/2802,$15.99,"800+ Sold,38 Left",Rhee Chun New Variety Extra Fancy Rice,(98),United States,
BYL Ningbo Hot Pot Rice Cake  Frozen 1 lb,https://www.sayweee.com/en/product/BYL-Ningbo-Hot-Pot-Rice-Cake--Frozen/84570,$2.19,800+ Sold,BYL Ningbo Hot Pot Rice Cake  Frozen,(9),Mainland China,
Shanghai Brand Glutinous Rice Dumpling with Pork  12 oz,https://www.sayweee.com/en/product/Shanghai-Brand-Glutinous-Rice-Dumpling-with-Pork-/74888,$5.49,800+ Sold,Shanghai Brand Glutinous Rice Dumpling with Pork,(46),United States,
Synear Ningbo White Pearls Peanut Rice Balls 400 g,https://www.sayweee.com/en/product/Synear-Ningbo-White-Pearls-Peanut-Rice-Balls/59969,$3.19,800+ Sold,Synear Ningbo White Pearls Peanut Rice Balls,(11),Mainland China,Synear
Wuming Classic Rice Noodle  1000 g,https://www.sayweee.com/en/product/Wuming-Classic-Rice-Noodle-/66835,$4.99,800+ Sold,Wuming Classic Rice Noodle,(44),Mainland China,Wu Ming
Koda Farms Mochiko Sweet Rice Flour  16 oz,https://www.sayweee.com/en/product/Koda-Farms-Mochiko-Sweet-Rice-Flour-/35373,$3.29,800+ Sold,Koda Farms Mochiko Sweet Rice Flour,(30),United States,Koda Farm
"Happy Snail Liuzhou Snail Rice Noodles, Crayfish Flavor 320 g",https://www.sayweee.com/en/product/Happy-Snail-Liuzhou-Snail-Rice-Noodles--Crayfish-Flavor/9254,$5.49,800+ Sold,"Happy Snail Liuzhou Snail Rice Noodles, Crayfish Flavor",(275),Mainland China,
"Mommy's Gourmet Brand Pork Rice Dumpling with Salted Egg Yolk, Frozen 12 oz",https://www.sayweee.com/en/product/Mommy-s-Gourmet-Brand-Pork-Rice-Dumpling-with-Salted-Egg-Yolk--Frozen/29171,$5.99,800+ Sold,"Mommy's Gourmet Brand Pork Rice Dumpling with Salted Egg Yolk, Frozen",(12),United States,
Big Green Organic Black Rice 454g 16 oz,https://www.sayweee.com/en/product/Big-Green-Organic-Black-Rice-454g/96972,$4.79,800+ Sold,Big Green Organic Black Rice 454g,(185),Mainland China,Big Green
Oh Ricey Pnompenh Rice Noodles Vietnam Instant Noodles 1 oz,https://www.sayweee.com/en/product/Oh-Ricey-Pnompenh-Rice-Noodles-Vietnam-Instant-Noodles/17042,$1.19,800+ Sold,Oh Ricey Pnompenh Rice Noodles Vietnam Instant Noodles,(11),Vietnam,
"Gourmet Alley Rice Cake, Sliced 500 g",https://www.sayweee.com/en/product/Gourmet-Alley-Rice-Cake--Sliced/42389,$3.99,800+ Sold,"Gourmet Alley Rice Cake, Sliced",(15),Mainland China,Gourmet Alley
YunPinXian Yunnan Rice Noodles Mushroom 7.76 oz,https://www.sayweee.com/en/product/YunPinXian-Yunnan-Rice-Noodles-Mushroom/48464,$3.49,800+ Sold,YunPinXian Yunnan Rice Noodles Mushroom,(7),Mainland China,
"Bibigo Crispy Rice Wrapper Dumplings with Meat and Vegetables, Frozen  28 oz",https://www.sayweee.com/en/product/Bibigo-Crispy-Rice-Wrapper-Dumplings-with-Meat-and-Vegetables--Frozen-/42053,$9.99,800+ Sold,"Bibigo Crispy Rice Wrapper Dumplings with Meat and Vegetables, Frozen",(237),South Korea,Bibigo
Liu Quan Snail Rice Noodles Vermicelli 268 g,https://www.sayweee.com/en/product/Liu-Quan-Snail-Rice-Noodles-Vermicelli/82873,$3.99,700+ Sold,Liu Quan Snail Rice Noodles Vermicelli,(313),Mainland China,
WoWo Brand Fermented Glutinous Rice 818 g,https://www.sayweee.com/en/product/WoWo-Brand-Fermented-Glutinous-Rice/97514,$5.29,700+ Sold,WoWo Brand Fermented Glutinous Rice,(86),Mainland China,
Black Glutinous Rice 1.5 lb,https://www.sayweee.com/en/product/Black-Glutinous-Rice/35720,$5.99,700+ Sold,Black Glutinous Rice,(444),Taiwan,
Kong Yen Rice Vinegar  20.2 fl.oz,https://www.sayweee.com/en/product/Kong-Yen-Rice-Vinegar-/8420,$2.99,700+ Sold,Kong Yen Rice Vinegar,(164),Taiwan,
Fulinmen Aromatic Medium Grain Rice 11 lb,https://www.sayweee.com/en/product/Fulinmen-Aromatic-Medium-Grain-Rice/85273,$33.99,700+ Sold,Weee!,(81),Mainland China,
Synear Authentic Rice Balls with Red Bean Filling 454 g,https://www.sayweee.com/en/product/Synear-Authentic-Rice-Balls-with-Red-Bean-Filling/43490,$3.75,"700+ Sold,40 Left",Synear Authentic Rice Balls with Red Bean Filling,(21),Mainland China,Synear
Qian Wei Yang Chu MINI  Mixed Glutinous Rice Ball  Frozen 280 g,https://www.sayweee.com/en/product/Qian-Wei-Yang-Chu-MINI--Mixed-Glutinous-Rice-Ball--Frozen/85483,$1.99,700+ Sold,Qian Wei Yang Chu MINI  Mixed Glutinous Rice Ball  Frozen,(5),Mainland China,
"Spring Home Mini Rice Ball, Original  300 g",https://www.sayweee.com/en/product/Spring-Home-Mini-Rice-Ball--Original-/99228,$2.49,700+ Sold,"Spring Home Mini Rice Ball, Original",(10),Singapore,
Tiger Taiwanese Rice Noodles 400 g,https://www.sayweee.com/en/product/Tiger-Taiwanese-Rice-Noodles/1623,$3.49,600+ Sold,Tiger Taiwanese Rice Noodles,(334),Taiwan,Tiger
"S&B Tasty Hayashi Rice, Japanese Gravy Mix 5.6 oz",https://www.sayweee.com/en/product/SB-Tasty-Hayashi-Rice-Japanese-Gravy-Mix/79755,$2.79,600+ Sold,"S&B Tasty Hayashi Rice, Japanese Gravy Mix",(44),Japan,S&B
Hakubai Premium Sweet Rice 5 lb,https://www.sayweee.com/en/product/Hakubai-Premium-Sweet-Rice/13091,$10.99,600+ Sold,Hakubai Premium Sweet Rice,(111),United States,
"HUNSTY Small Sweet Glutinous Rice Ball, Frozen  400 g",https://www.sayweee.com/en/product/HUNSTY-Small-Sweet-Glutinous-Rice-Ball--Frozen-/78808,$3.49,600+ Sold,"HUNSTY Small Sweet Glutinous Rice Ball, Frozen",(52),Taiwan,HUNSTY
Qian Wei Yang Chu Ningbo Style Rice Ball Peanut Frozen 400 g,https://www.sayweee.com/en/product/Qian-Wei-Yang-Chu-Ningbo-Style-Rice-Ball-Peanut-Frozen/85469,$3.29,600+ Sold,Qian Wei Yang Chu Ningbo Style Rice Ball Peanut Frozen,(2),Mainland China,
Qian wei yang chu Rhubarb Small Rice Ball Black Sesame Frozen 280 g,https://www.sayweee.com/en/product/Qian-wei-yang-chu-Rhubarb-Small-Rice-Ball-Black-Sesame-Frozen/85468,$2.49,600+ Sold,Qian wei yang chu Rhubarb Small Rice Ball Black Sesame Frozen,(1),Mainland China,
"Shizuren Energy Instant Rice Noodles, Beef Flavor 100 g",https://www.sayweee.com/en/product/Shizuren-Energy-Instant-Rice-Noodles--Beef-Flavor/5717,$3.59,600+ Sold,"Shizuren Energy Instant Rice Noodles, Beef Flavor",(83),Mainland China,
QiaoJiaShan Rice Cake 200 g,https://www.sayweee.com/en/product/QiaoJiaShan-Rice-Cake/26230,$3.49,600+ Sold,QiaoJiaShan Rice Cake,(101),Mainland China,
Bibigo Foods Rice Porridge with Mushrooms and Vegetables 280 g,https://www.sayweee.com/en/product/Bibigo-Foods-Rice-Porridge-with-Mushrooms-and-Vegetables/16000,$4.99,600+ Sold,Bibigo Foods Rice Porridge with Mushrooms and Vegetables,(55),South Korea,Bibigo
Vegetarian Glutinous Rice Dumpling  270 g,https://www.sayweee.com/en/product/Vegetarian-Glutinous-Rice-Dumpling-/35842,$2.99,500+ Sold,Vegetarian Glutinous Rice Dumpling,(71),Mainland China,
CJ Cooked White Rice with Seaweed Soup 165 g,https://www.sayweee.com/en/product/CJ-Cooked-White-Rice-with-Seaweed-Soup/59348,$3.99,500+ Sold,CJ Cooked White Rice with Seaweed Soup,(11),South Korea,
Tiger Sugar Black Sugar Salted Egg Custard Rice Ball 200 g,https://www.sayweee.com/en/product/Tiger-Sugar-Black-Sugar-Salted-Egg-Custard-Rice-Ball/82991,$3.29,500+ Sold,Tiger Sugar Black Sugar Salted Egg Custard Rice Ball,(66),Taiwan,Tiger Sugar
Sunway Nanchang Rice Noodles 208.8 g,https://www.sayweee.com/en/product/Sunway-Nanchang-Rice-Noodles/46896,$2.99,500+ Sold,Sunway Nanchang Rice Noodles,(47),Mainland China,
Kokuho Rose Premium Quality Rice 15 lb,https://www.sayweee.com/en/product/Kokuho-Rose-Premium-Quality-Rice/10895,$21.99,500+ Sold,Kokuho Rose Premium Quality Rice,(76),United States,
"Master Lee Yangzhou Style Fried Rice, Frozen 330 g",https://www.sayweee.com/en/product/Master-Lee-Yangzhou-Style-Fried-Rice--Frozen/20970,$2.39,500+ Sold,"Master Lee Yangzhou Style Fried Rice, Frozen",(31),Mainland China,
Sunity Herbal Jelly with Purple Rice and Milk  444 g,https://www.sayweee.com/en/product/Sunity-Herbal-Jelly-with-Purple-Rice-and-Milk-/10137,$4.59,500+ Sold,Sunity Herbal Jelly with Purple Rice and Milk,(51),Mainland China,Sunity
"Luosi Rice Noodles, Mushroom Flavor 400 g",https://www.sayweee.com/en/product/Luosi-Rice-Noodles--Mushroom-Flavor/35256,$4.99,500+ Sold,"Luosi Rice Noodles, Mushroom Flavor",(28),Mainland China,
WFZ Frozen 8 Flavor Purple Gluten Rice  200 g,https://www.sayweee.com/en/product/WFZ-Frozen-8-Flavor-Purple-Gluten-Rice-/95947,$2.69,500+ Sold,WFZ Frozen 8 Flavor Purple Gluten Rice,(40),Mainland China,
YABA Unagi Fried Rice with Roasted Eel Frozen 12 oz,https://www.sayweee.com/en/product/YABA-Unagi-Fried-Rice-with-Roasted-Eel-Frozen/40084,$7.99,500+ Sold,YABA Unagi Fried Rice with Roasted Eel Frozen,(14),Mainland China,
JiangXi Rice Vermicelli  14 oz,https://www.sayweee.com/en/product/JiangXi-Rice-Vermicelli-/27016,$2.29,500+ Sold,JiangXi Rice Vermicelli,(65),Mainland China,
Tamaki Gold California Koshihikari Short Grain Rice 15 lb,https://www.sayweee.com/en/product/Tamaki-Gold-California-Koshihikari-Short-Grain-Rice/36852,$36.99,500+ Sold,Tamaki Gold California Koshihikari Short Grain Rice,(121),United States,Tamaki
"Master Lee Fried Rice with Zucchini & Egg, Frozen 330 g",https://www.sayweee.com/en/product/Master-Lee-Fried-Rice-with-Zucchini---Egg--Frozen/21178,$2.39,500+ Sold,"Master Lee Fried Rice with Zucchini & Egg, Frozen",(15),Mainland China,
"Steamed Siu Mai Mushroom and Sticky Rice Dumplings, Frozen 300 g",https://www.sayweee.com/en/product/Steamed-Siu-Mai-Mushroom-and-Sticky-Rice-Dumplings--Frozen/19037,$5.49,500+ Sold,"Steamed Siu Mai Mushroom and Sticky Rice Dumplings, Frozen",(87),Mainland China,Asian Choice
Surasang 88 Seoul Spicy Stir-Fried Rice Cake  1.8 lb,https://www.sayweee.com/en/product/Surasang-88-Seoul-Spicy-Stir-Fried-Rice-Cake-/36663,$8.99,400+ Sold,Surasang 88 Seoul Spicy Stir-Fried Rice Cake,(81),South Korea,Surasang
CJ Bibigo Beef Fried Rice 16.4 oz,https://www.sayweee.com/en/product/CJ-Bibigo-Beef-Fried-Rice/34481,$7.99,400+ Sold,CJ Bibigo Beef Fried Rice,(4),United States,Bibigo
Three Ladies Brand Organic Jasmine Rice 5 lb,https://www.sayweee.com/en/product/Three-Ladies-Brand-Organic-Jasmine-Rice/89525,$11.99,400+ Sold,Three Ladies Brand Organic Jasmine Rice,(12),Thailand,3 Ladies
Tiger Sugar Chocolate Crispy Rice Ball 200 g,https://www.sayweee.com/en/product/Tiger-Sugar-Chocolate-Crispy-Rice-Ball/48064,$4.29,400+ Sold,Tiger Sugar Chocolate Crispy Rice Ball,(5),Taiwan,Tiger Sugar
"YunPinXian Yunnan Rice Noodles, Spicy Mushroom Flavor 7.76 oz",https://www.sayweee.com/en/product/YunPinXian-Yunnan-Rice-Noodles--Spicy-Mushroom-Flavor/48466,$3.49,400+ Sold,"YunPinXian Yunnan Rice Noodles, Spicy Mushroom Flavor",(4),Mainland China,
Imperial Taste Hsinchu Rice Noodles 14 oz,https://www.sayweee.com/en/product/Imperial-Taste-Hsinchu-Rice-Noodles/7579,$2.79,400+ Sold,Imperial Taste Hsinchu Rice Noodles,(221),Taiwan,Imperial Taste
Jia Liu Liu Zhou Spicy Rice Noodle 260 g,https://www.sayweee.com/en/product/Jia-Liu-Liu-Zhou-Spicy-Rice-Noodle/32858,$3.49,400+ Sold,Jia Liu Liu Zhou Spicy Rice Noodle,(27),Mainland China,
Surasang Instant Rice Cake Soup 177 g,https://www.sayweee.com/en/product/Surasang-Instant-Rice-Cake-Soup/98580,$2.49,400+ Sold,Surasang Instant Rice Cake Soup,(16),South Korea,Surasang
"Master Lee  Fried Rice with Spicy Crayfish, Frozen 330 g",https://www.sayweee.com/en/product/Master-Lee--Fried-Rice-with-Spicy-Crayfish--Frozen/20987,$4.79,400+ Sold,"Master Lee  Fried Rice with Spicy Crayfish, Frozen",(14),Mainland China,
WFZ Frozen 8 Flavor Gluten Rice  200 g,https://www.sayweee.com/en/product/WFZ-Frozen-8-Flavor-Gluten-Rice-/95690,$2.99,400+ Sold,WFZ Frozen 8 Flavor Gluten Rice,(6),Mainland China,
Ottogi Cooked White Rice 12pk 1 case,https://www.sayweee.com/en/product/Ottogi-Cooked-White-Rice-12pk/82771,$14.99,300+ Sold,Ottogi Cooked White Rice 12pk,(1),South Korea,Ottogi
Surasang 88 Seoul Topokki Rice Cake with Soup 170 g,https://www.sayweee.com/en/product/Surasang-88-Seoul-Topokki-Rice-Cake-with-Soup/40993,$4.99,300+ Sold,Surasang 88 Seoul Topokki Rice Cake with Soup,(1),South Korea,Surasang
Yinlu Mixed Black Rice Congee 280 g,https://www.sayweee.com/en/product/Yinlu-Mixed-Black-Rice-Congee/30035,$2.39,300+ Sold,Yinlu Mixed Black Rice Congee,(6),Mainland China,
Lee Kum Kee Seasoned Rice Vinegar 16.9 oz,https://www.sayweee.com/en/product/Lee-Kum-Kee-Seasoned-Rice-Vinegar/15443,$2.49,300+ Sold,Lee Kum Kee Seasoned Rice Vinegar,(78),Mainland China,Lee Kum Kee
Synear Flower Jasmine Rice Dumplings 240 g,https://www.sayweee.com/en/product/Synear-Flower-Jasmine-Rice-Dumplings/45487,$5.39,300+ Sold,Synear Flower Jasmine Rice Dumplings,(38),Mainland China,Synear
Sanshoku Dango Sweet Rice Cakes 135 g,https://www.sayweee.com/en/product/Sanshoku-Dango-Sweet-Rice-Cakes/66017,$4.49,"300+ Sold,4 Left",Sanshoku Dango Sweet Rice Cakes,(87),Japan,
"88 Korean Spicy Rice Cakes, Old-Fashioned Flavor 560 g",https://www.sayweee.com/en/product/88-Korean-Spicy-Rice-Cakes--Old-Fashioned-Flavor/1527,$5.39,300+ Sold,"88 Korean Spicy Rice Cakes, Old-Fashioned Flavor",(188),South Korea,
Mogami 8-Blend Whole Grain Rice 5 lb,https://www.sayweee.com/en/product/Mogami-8Blend-Whole-Grain-Rice/2201,$20.99,300+ Sold,Mogami 8-Blend Whole Grain Rice,(190),United States,Mogami
Sukoyaka Genmai Whole Grain Brown Rice 15 lb,https://www.sayweee.com/en/product/Sukoyaka-Genmai-Whole-Grain-Brown-Rice/1495,$28.99,300+ Sold,Sukoyaka Genmai Whole Grain Brown Rice,(56),United States,
Nature's Soy Fresh Rice Noodles 454 g,https://www.sayweee.com/en/product/Natures-Soy-Fresh-Rice-Noodles/74731,$1.69,300+ Sold,Nature's Soy Fresh Rice Noodles,(75),United States,Nature's Soy
Three Ladies (XL) Rice Stick Banh Pho Viet Mien Luo 14 oz,https://www.sayweee.com/en/product/Three-Ladies--XL--Rice-Stick-Banh-Pho-Viet-Mien-Luo/3665,$1.99,300+ Sold,Three Ladies (XL) Rice Stick Banh Pho Viet Mien Luo,(2),Vietnam,Three Ladies
Wen Zhou Rice Noodle 400 g,https://www.sayweee.com/en/product/Wen-Zhou-Rice-Noodle/21795,$1.89,300+ Sold,Wen Zhou Rice Noodle,(23),Mainland China,
WanHe Rice Noodle with Sesame Paste Soup Base  220 g,https://www.sayweee.com/en/product/WanHe-Rice-Noodle-with-Sesame-Paste-Soup-Base-/14808,$3.79,300+ Sold,WanHe Rice Noodle with Sesame Paste Soup Base,(5),Mainland China,
Qiao Jia Zha Mint Rice Cake 4PC Frozen 360 g,https://www.sayweee.com/en/product/Qiao-Jia-Zha-Mint-Rice-Cake-4PC-Frozen/55208,$4.49,300+ Sold,Qiao Jia Zha Mint Rice Cake 4PC Frozen,(3),United States,
Tamaki Kenko Haiga Short Grain Rice 15 lb,https://www.sayweee.com/en/product/Tamaki-Kenko-Haiga-Short-Grain-Rice/91936,$36.99,300+ Sold,Tamaki Kenko Haiga Short Grain Rice,(76),United States,Tamaki
"A Kuan Sichuan Spicy Rice Noodles, Crayfish Flavor 255 g",https://www.sayweee.com/en/product/A-Kuan-Sichuan-Spicy-Rice-Noodles--Crayfish-Flavor/7329,$2.99,"300+ Sold,11 Left","A Kuan Sichuan Spicy Rice Noodles, Crayfish Flavor",(83),Mainland China,AKuan
Kings Noodle Chongqing Pickled Rice Noodle 193 g,https://www.sayweee.com/en/product/Kings-Noodle-Chongqing-Pickled-Rice-Noodle/19125,$4.99,300+ Sold,Kings Noodle Chongqing Pickled Rice Noodle,(9),Mainland China,
Zhiweiguan Eight-Treasure Rice Pudding 300 g,https://www.sayweee.com/en/product/Zhiweiguan-Eight-Treasure-Rice-Pudding/65658,$5.49,300+ Sold,Zhiweiguan Eight-Treasure Rice Pudding,(10),Mainland China,Zhiweiguan
CJ Foods Cooked White Rice with Soft Tofu Stew 173.7 g,https://www.sayweee.com/en/product/CJ-Foods-Cooked-White-Rice-with-Soft-Tofu-Stew/59347,$3.99,300+ Sold,CJ Foods Cooked White Rice with Soft Tofu Stew,(24),South Korea,CJ Foods
Three Ladies Brand Jiangxi Rice Stick  14 oz,https://www.sayweee.com/en/product/Three-Ladies-Brand-Jiangxi-Rice-Stick-/83732,$1.79,"300+ Sold,35 Left",Three Ladies Brand Jiangxi Rice Stick,(1),Mainland China,3 Ladies
Nishiki Premium Brown Rice  15 lb,https://www.sayweee.com/en/product/Nishiki-Premium-Brown-Rice-/1622,$20.99,300+ Sold,Nishiki Premium Brown Rice,(15),United States,Nishiki
Three Deer Brand Jiang Xi Rice Vermicelli 400 g,https://www.sayweee.com/en/product/Three-Deer-Brand-Jiang-Xi-Rice-Vermicelli/86090,$1.99,300+ Sold,Three Deer Brand Jiang Xi Rice Vermicelli,,Mainland China,
Koda Farms Superior Short Grain Sweet Rice 5 lb,https://www.sayweee.com/en/product/Koda-Farms-Superior-Short-Grain-Sweet-Rice/83154,$12.99,300+ Sold,Koda Farms Superior Short Grain Sweet Rice,(93),United States,Koda Farm
Mixed Mini Glutinous Rice Ball Frozen 300 g,https://www.sayweee.com/en/product/Mixed-Mini-Glutinous-Rice-Ball-Frozen/29016,$2.19,300+ Sold,Mixed Mini Glutinous Rice Ball Frozen,(18),Mainland China,Sweet-Scented
Taiwan Style Sticky Rice Sausage FZ 1 lb,https://www.sayweee.com/en/product/Taiwan-Style-Sticky-Rice-Sausage-FZ/51300,$14.79,300+ Sold,Taiwan Style Sticky Rice Sausage FZ,(140),United States,
Pulmuone Sliced Rice Cakes 650 g,https://www.sayweee.com/en/product/Pulmuone-Sliced-Rice-Cakes/11795,$4.99,300+ Sold,Pulmuone Sliced Rice Cakes,(94),South Korea,Pulmuone
Hansang Sliced Rice Cake  2.2 lb,https://www.sayweee.com/en/product/Hansang-Sliced-Rice-Cake-/20796,$4.99,300+ Sold,Hansang Sliced Rice Cake,(27),South Korea,
Imported Japanese Koshihikari Rice 11 lb,https://www.sayweee.com/en/product/Imported-Japanese-Koshihikari-Rice/64249,$23.99,300+ Sold,Imported Japanese Koshihikari Rice,(29),Japan,
"Nan Xiang Fried Rice Cakes, Frozen 8ct 400 g",https://www.sayweee.com/en/product/Nan-Xiang-Fried-Rice-Cakes-Frozen-8ct/52419,$5.99,300+ Sold,"Nan Xiang Fried Rice Cakes, Frozen 8ct",(83),Mainland China,Nan Xiang
Lam Sheng Kee Rice Flakes 200 g,https://www.sayweee.com/en/product/Lam-Sheng-Kee-Rice-Flakes/2835,$3.39,300+ Sold,Lam Sheng Kee Rice Flakes,(19),Mainland China,DoTao
Sweet-Scented Osthmanthus Rice Cake  300 g,https://www.sayweee.com/en/product/Sweet-Scented-Osthmanthus-Rice-Cake-/33323,$3.69,300+ Sold,Sweet-Scented Osthmanthus Rice Cake,(73),Mainland China,
"Maling Glutinous Rice Dumpling, Frozen 6ct  6 count",https://www.sayweee.com/en/product/Maling-Glutinous-Rice-Dumpling--Frozen-6ct-/79569,$3.79,300+ Sold,"Maling Glutinous Rice Dumpling, Frozen 6ct",(52),,
Nagatanien Ochazuke Nori Rice Soup Seasoning 24 g,https://www.sayweee.com/en/product/Nagatanien-Ochazuke-Nori-Rice-Soup-Seasoning/59478,$2.49,300+ Sold,Nagatanien Ochazuke Nori Rice Soup Seasoning,(19),Japan,
Dongwon Abalone Rice Porridge 288 g,https://www.sayweee.com/en/product/Dongwon-Abalone-Rice-Porridge/4994,$3.99,"200+ Sold,24 Left",Dongwon Abalone Rice Porridge,(34),South Korea,YANGBAN
Bibigo Radish Kimchi Fried Rice 18 oz,https://www.sayweee.com/en/product/Bibigo-Radish-Kimchi-Fried-Rice/44784,$6.99,200+ Sold,Bibigo Radish Kimchi Fried Rice,(23),South Korea,Bibigo
"Master Lee Cooked Rice with Fried Squid in Sauce, Frozen 460 g",https://www.sayweee.com/en/product/Master-Lee-Cooked-Rice-with-Fried-Squid-in-Sauce--Frozen/19476,$4.09,200+ Sold,"Master Lee Cooked Rice with Fried Squid in Sauce, Frozen",(23),Mainland China,
"Shirakiku Sweet Rice Cake, Koshi-An Dango 6.87 oz",https://www.sayweee.com/en/product/Shirakiku-Sweet-Rice-Cake-KoshiAn-Dango/70332,$4.49,200+ Sold,"Shirakiku Sweet Rice Cake, Koshi-An Dango",(39),Japan,
Ito En Oi Ocha Unsweetened Brown Rice Green Tea 16.9 oz,https://www.sayweee.com/en/product/Ito-En-Oi-Ocha-Unsweetened-Brown-Rice-Green-Tea/95671,$1.99,200+ Sold,Ito En Oi Ocha Unsweetened Brown Rice Green Tea,(21),Japan,Itoen
GangYaGou Sorghum Glutinous Rice Ball 320 g,https://www.sayweee.com/en/product/GangYaGou-Sorghum-Glutinous-Rice-Ball/88845,$7.99,200+ Sold,GangYaGou Sorghum Glutinous Rice Ball,(19),Mainland China,GangYaGou
Bibigo Shrimp Fried Rice 15.8 oz,https://www.sayweee.com/en/product/Bibigo-Shrimp-Fried-Rice/4661,$6.99,200+ Sold,Bibigo Shrimp Fried Rice,(7),South Korea,Bibigo
Hitomebore Premium Short Grain Rice 15 lb,https://www.sayweee.com/en/product/Hitomebore-Premium-Short-Grain-Rice/29955,$31.99,200+ Sold,Hitomebore Premium Short Grain Rice,(18),United States,
Fine Rice Vermicelli Noodles 10.58 oz,https://www.sayweee.com/en/product/-Fine-Rice-Vermicelli-Noodles/99598,$1.99,200+ Sold,Fine Rice Vermicelli Noodles,(3),Mainland China,
Organic Town Black Rice 2 lb,https://www.sayweee.com/en/product/Organic-Town-Black-Rice/20738,$6.99,200+ Sold,Organic Town Black Rice,(70),Mainland China,
CJ Foods Cooked White Rice Bowls 12pk 5.56 lb,https://www.sayweee.com/en/product/CJ-Foods-Cooked-White-Rice-Bowls-12pk/27581,$18.99,200+ Sold,CJ Foods Cooked White Rice Bowls 12pk,(23),South Korea,
Kikkoman Seasoned Rice Vinegar 591 ml,https://www.sayweee.com/en/product/Kikkoman-Seasoned-Rice-Vinegar/83224,$3.49,200+ Sold,Kikkoman Seasoned Rice Vinegar,(27),Japan,Kikkoman
AQ Rice Leaven 16 g,https://www.sayweee.com/en/product/AQ-Rice-Leaven/25135,$0.99,200+ Sold,AQ Rice Leaven,(7),Mainland China,
NanXiang Eight-Treasure Rice Pudding 400 g,https://www.sayweee.com/en/product/NanXiang-Eight-Treasure-Rice-Pudding/7378,$3.79,200+ Sold,NanXiang Eight-Treasure Rice Pudding,(87),Mainland China,Nan Xiang
Kee's Seasoning Mix for Hainanese Chicken Rice 220 g,https://www.sayweee.com/en/product/Kee-s-Seasoning-Mix-for-Hainanese-Chicken-Rice/56083,$5.39,200+ Sold,Kee's Seasoning Mix for Hainanese Chicken Rice,(47),Singapore,Kee's
Glutinous Rice Hakkas Salty 1.06 oz,https://www.sayweee.com/en/product/Glutinous-Rice-Hakkas-Salty/70971,$2.99,200+ Sold,Glutinous Rice Hakkas Salty,(8),Mainland China,
Yissine Rice Cake for Topokki 1.32 lb,https://www.sayweee.com/en/product/Yissine-Rice-Cake-for-Topokki/82288,$4.49,200+ Sold,Yissine Rice Cake for Topokki,(2),South Korea,
Three Ladies Brand Jasmine Rice Small Bag 5 lb,https://www.sayweee.com/en/product/Three-Ladies-Brand-Jasmine-Rice-Small-Bag/23062,$8.99,"200+ Sold,3 Left",Three Ladies Brand Jasmine Rice Small Bag,(3),Thailand,3 Ladies
Elephant Brand Thai Jasmine Rice 10 lb,https://www.sayweee.com/en/product/Elephant-Brand-Thai-Jasmine-Rice/30459,$17.99,200+ Sold,Elephant Brand Thai Jasmine Rice,(13),Thailand,
Paldo Korean Rice Punch (Sikhye) 238 ml,https://www.sayweee.com/en/product/Paldo-Korean-Rice-Punch--Sikhye-/30958,$0.99,200+ Sold,Paldo Korean Rice Punch (Sikhye),(3),South Korea,Paldo
Dynasty Jasmine Rice 5 lb,https://www.sayweee.com/en/product/Dynasty-Jasmine-Rice/64231,$8.99,200+ Sold,Dynasty Jasmine Rice,(13),Thailand,
Chunjungone O'Food BAP Cooked White Rice 12 pcs 1 case,https://www.sayweee.com/en/product/Chunjungone-O-Food-BAP-Cooked-White-Rice-12-pcs/85854,$18.99,200+ Sold,Chunjungone O'Food BAP Cooked White Rice 12 pcs,,South Korea,Chung Jung One
Yissine Rice Cake 1.76 lb,https://www.sayweee.com/en/product/Yissine-Rice-Cake/79707,$5.49,100+ Sold,Yissine Rice Cake,(3),South Korea,
Bamboo Leaves for Rice Dumplings 12 oz,https://www.sayweee.com/en/product/Bamboo-Leaves-for-Rice-Dumplings/13170,$3.29,100+ Sold,Bamboo Leaves for Rice Dumplings,(110),Mainland China,
Safoco Rice Macaroni 14.1 oz,https://www.sayweee.com/en/product/Safoco-Rice-Macaroni/83113,$2.09,100+ Sold,Safoco Rice Macaroni,,Vietnam,Safoco
Dongwon Cheese Topokki Rice Cake 240 g,https://www.sayweee.com/en/product/Dongwon-Cheese-Topokki-Rice-Cake/23917,$4.99,100+ Sold,Dongwon Cheese Topokki Rice Cake,(10),South Korea,
QW Eight Treasure Rice Pudding 400 g,https://www.sayweee.com/en/product/QW-Eight-Treasure-Rice-Pudding/86640,$9.99,100+ Sold,QW Eight Treasure Rice Pudding,(3),Mainland China,
All Natural Organic Black Rice  16 oz,https://www.sayweee.com/en/product/-All-Natural-Organic-Black-Rice-/64981,$4.39,100+ Sold,All Natural Organic Black Rice,(20),Mainland China,
Bamboo Sticky Black Rice 270 g,https://www.sayweee.com/en/product/Bamboo-Sticky-Black-Rice/27809,$5.19,100+ Sold,Bamboo Sticky Black Rice,(31),Mainland China,
Nozomi Super Premium Short Grain Rice 15 lb,https://www.sayweee.com/en/product/Nozomi-Super-Premium-Short-Grain-Rice/13230,$26.99,100+ Sold,Nozomi Super Premium Short Grain Rice,(38),United States,
Red Leaf Rice Vermicelli 340 g,https://www.sayweee.com/en/product/Red-Leaf-Rice-Vermicelli/41051,$2.39,100+ Sold,Red Leaf Rice Vermicelli,(4),Taiwan,
Awastea Red Bean Black Glutinous Rice Drink 30ct 450 g,https://www.sayweee.com/en/product/Awastea-Red-Bean-Black-Glutinous-Rice-Drink-30ct/85422,$17.09,100+ Sold,Awastea Red Bean Black Glutinous Rice Drink 30ct,(50),Taiwan,Awastea
Simply Food Chicken and Bamboo Shoot Rice Vermicelli Bowl 9pk 495 g,https://www.sayweee.com/en/product/Simply-Food-Chicken-and-Bamboo-Shoot-Rice-Vermicelli-Bowl-9pk/16513,$14.99,100+ Sold,Simply Food Chicken and Bamboo Shoot Rice Vermicelli Bowl 9pk,(14),Vietnam,Simply Food
Inomata Rice Container 10kg  1 count,https://www.sayweee.com/en/product/Inomata-Rice-Container-10kg-/63394,$13.98,100+ Sold,Inomata Rice Container 10kg,(11),Japan,Inomata
Tamanishiki Super Premium Short Grain Rice 4.4 lb,https://www.sayweee.com/en/product/Tamanishiki-Super-Premium-Short-Grain-Rice/98791,$10.99,100+ Sold,Tamanishiki Super Premium Short Grain Rice,(86),United States,
Synear White Pearl Rice Balls with Nuts 400 g,https://www.sayweee.com/en/product/Synear-White-Pearl-Rice-Balls-with-Nuts/59981,$3.49,100+ Sold,Synear White Pearl Rice Balls with Nuts,(4),Mainland China,
"Food Basket Glutinous Rice Cake with Pork and Shrimp Filling, Frozen 16pc 5 lb",https://www.sayweee.com/en/product/Food-Basket-Glutinous-Rice-Cake-with-Pork-and-Shrimp-Filling-Frozen-16pc/15516,$34.99,100+ Sold,"Food Basket Glutinous Rice Cake with Pork and Shrimp Filling, Frozen 16pc",(122),United States,Food Basket
Ayanishiki Super Premium Japanese Rice  11 lb,https://www.sayweee.com/en/product/Ayanishiki-Super-Premium-Japanese-Rice-/5283,$31.99,100+ Sold,Ayanishiki Super Premium Japanese Rice,(41),Japan,
Simply Food Sesame Coconut Rice Paper  140 g,https://www.sayweee.com/en/product/Simply-Food-Sesame-Coconut-Rice-Paper-/69556,$3.89,100+ Sold,Simply Food Sesame Coconut Rice Paper,(2),Vietnam,Simply Food
"Lotte Foods Octopus Fried Rice, 2 Servings 15.86 oz",https://www.sayweee.com/en/product/Lotte-Foods-Octopus-Fried-Rice--2-Servings/35732,$7.99,100+ Sold,"Lotte Foods Octopus Fried Rice, 2 Servings",(1),South Korea,Lotte
Haetae Black Wild Sweet Rice 2 lb,https://www.sayweee.com/en/product/Haetae-Black-Wild-Sweet-Rice/77362,$6.99,100+ Sold,Haetae Black Wild Sweet Rice,(10),Thailand,
【白家】Rice Noodle Artificial beef flavor 120g 120 g,https://www.sayweee.com/en/product/Rice-Noodle-Artificial-beef-flavor-120g/32653,$3.49,"100+ Sold,3 Left",【白家】Rice Noodle Artificial beef flavor 120g,(1),United States,
Organic Glutinous Rice 454g  16 oz,https://www.sayweee.com/en/product/Organic-Glutinous-Rice-454g-/99021,$3.29,100+ Sold,Organic Glutinous Rice 454g,(27),Mainland China,
Butterfly Brand Bun Bo Hue Rice Vermicelli  2 lb,https://www.sayweee.com/en/product/Butterfly-Brand-Bun-Bo-Hue-Rice-Vermicelli-/39415,$4.49,100+ Sold,Butterfly Brand Bun Bo Hue Rice Vermicelli,(4),Thailand,Butterfly Brand
Baozhisu Coconut Juice with Black Glutinous Rice 200 g,https://www.sayweee.com/en/product/Baozhisu-Coconut-Juice-with-Black-Glutinous-Rice/34378,$3.59,100+ Sold,Baozhisu Coconut Juice with Black Glutinous Rice,(17),Mainland China,
"AC Zucchini Egg Fried Rice, Frozen 330 g",https://www.sayweee.com/en/product/AC-Zucchini-Egg-Fried-Rice--Frozen/80403,$4.99,100+ Sold,"AC Zucchini Egg Fried Rice, Frozen",(2),Mainland China,
Asian Best Sweet Rice Flour 16 oz,https://www.sayweee.com/en/product/Asian-Best-Sweet-Rice-Flour/28836,$1.99,100+ Sold,Asian Best Sweet Rice Flour,,Thailand,
Simply Food Fine Rice Vermicelli  500 g,https://www.sayweee.com/en/product/Simply-Food-Fine-Rice-Vermicelli-/69555,$2.59,100+ Sold,Simply Food Fine Rice Vermicelli,(1),Vietnam,
MFH Matcha Red Bean Rice Cake 480 g,https://www.sayweee.com/en/product/MFH-Matcha-Red-Bean-Rice-Cake/84640,$3.99,100+ Sold,MFH Matcha Red Bean Rice Cake,(5),Taiwan,
Kokubo Triangle Rice Ball Maker 1 count,https://www.sayweee.com/en/product/Kokubo-Triangle-Rice-Ball-Maker/63400,$2.49,100+ Sold,Kokubo Triangle Rice Ball Maker,(22),Japan,Kokubo
Grand Earth Barn Premium Short Grain Rice 15 lb,https://www.sayweee.com/en/product/Grand-Earth-Barn-Premium-Short-Grain-Rice/62833,$22.99,100+ Sold,Grand Earth Barn Premium Short Grain Rice,(9),Mainland China,
Synear Glutinous Rice Ball with Red Beans 260 g,https://www.sayweee.com/en/product/Synear-Glutinous-Rice-Ball-with-Red-Beans/66102,$3.45,100+ Sold,Synear Glutinous Rice Ball with Red Beans,(15),Mainland China,Synear
Rama Fresh Rice Stick Noodle 1 lb,https://www.sayweee.com/en/product/Rama-Fresh-Rice-Stick-Noodle/31224,$2.69,100+ Sold,Rama Fresh Rice Stick Noodle,(10),Mainland China,
Tiger Pu-Li Thin Rice Flour Noodles  600 g,https://www.sayweee.com/en/product/Tiger-Pu-Li-Thin-Rice-Flour-Noodles-/7580,$4.19,50+ Sold,Tiger Pu-Li Thin Rice Flour Noodles,(69),Taiwan,Tiger Tablet
Coconut Rice Cake 480 g,https://www.sayweee.com/en/product/Coconut-Rice-Cake/50580,$3.49,50+ Sold,Coconut Rice Cake,(7),Taiwan,
Kokubo Petite Rice Ball Maker 1 count,https://www.sayweee.com/en/product/Kokubo-Petite-Rice-Ball-Maker/63398,$2.49,50+ Sold,Kokubo Petite Rice Ball Maker,(10),Japan,Kokubo
Dongwon Spicy and Sweet Topokki Rice Cake 240 g,https://www.sayweee.com/en/product/Dongwon-Spicy-and-Sweet-Topokki-Rice-Cake/50595,$4.99,50+ Sold,Dongwon Spicy and Sweet Topokki Rice Cake,,South Korea,
Dongwon Hot Spicy Topokki Rice Cake 240 g,https://www.sayweee.com/en/product/Dongwon-Hot-Spicy-Topokki-Rice-Cake/23918,$4.99,50+ Sold,Dongwon Hot Spicy Topokki Rice Cake,(3),South Korea,
Three Deer Rice Stick 400 g,https://www.sayweee.com/en/product/Three-Deer-Rice-Stick/86092,$1.99,50+ Sold,Three Deer Rice Stick,,Mainland China,
CJ Foods Cooked White Rice with Black Bean Sauce 9.7 fl.oz,https://www.sayweee.com/en/product/CJ-Foods-Cooked-White-Rice-with-Black-Bean-Sauce/99479,$4.49,50+ Sold,CJ Foods Cooked White Rice with Black Bean Sauce,(7),South Korea,CJ Foods
Surasang Nutri-Whole Grain Brown Rice 15 lb,https://www.sayweee.com/en/product/Surasang-Nutri-Whole-Grain-Brown-Rice/98572,$23.99,50+ Sold,Surasang Nutri-Whole Grain Brown Rice,(16),South Korea,Surasang
Ottogi Cooked Rice and Kimchi Sauce with Tuna  310 g,https://www.sayweee.com/en/product/Ottogi-Cooked-Rice-and-Kimchi-Sauce-with-Tuna-/24929,$4.99,50+ Sold,Ottogi Cooked Rice and Kimchi Sauce with Tuna,(3),South Korea,Ottogi
Yissine Joraengi Topokki Rice Cake 1.36 lb,https://www.sayweee.com/en/product/Yissine-Joraengi-Topokki-Rice-Cake/83797,$4.99,50+ Sold,Yissine Joraengi Topokki Rice Cake,(1),South Korea,
Koshihikari Short Grain Rice 4.4 lb,https://www.sayweee.com/en/product/Koshihikari-Short-Grain-Rice/18976,$9.99,50+ Sold,Koshihikari Short Grain Rice,,United States,
Sauce Co. Red Yeast Rice Sauce  200 g,https://www.sayweee.com/en/product/Sauce-Co--Red-Yeast-Rice-Sauce-/34918,$4.19,50+ Sold,Sauce Co. Red Yeast Rice Sauce,(4),Taiwan,
"Sanquan Glutinous Rice Ball Peanut Flavor, Frozen 400 g",https://www.sayweee.com/en/product/Sanquan-Glutinous-Rice-Ball-Peanut-Flavor--Frozen/86919,$3.79,50+ Sold,"Sanquan Glutinous Rice Ball Peanut Flavor, Frozen",,Mainland China,Sanquan
Mishima Yukari Shiso Rice Seasoning 0.9 oz,https://www.sayweee.com/en/product/Mishima-Yukari-Shiso-Rice-Seasoning/80333,$3.69,50+ Sold,Mishima Yukari Shiso Rice Seasoning,(12),Japan,Mishima
Wang Hangawee Korean Rice 15 lb,https://www.sayweee.com/en/product/Wang-Hangawee-Korean-Rice/1694,$17.99,50+ Sold,Wang Hangawee Korean Rice,(28),South Korea,Wang Korea
SDC New Years Rice Cakes Gift Box 230g*2 460 g,https://www.sayweee.com/en/product/SDC-New-Years-Rice-Cakes-Gift-Box-230g-2/86636,$25.99,50+ Sold,SDC New Years Rice Cakes Gift Box 230g*2,,Mainland China,
Lotus Foods Rice Ramen Millet & Brown Red Miso Soup Noodles 80 g,https://www.sayweee.com/en/product/Lotus-Foods-Rice-Ramen-Millet---Brown-Red-Miso-Soup-Noodles/83569,$1.79,50+ Sold,Lotus Foods Rice Ramen Millet & Brown Red Miso Soup Noodles,,Mainland China,Lotus Foods
Newtown Brand Sweet Rice Flakes 10.5 oz,https://www.sayweee.com/en/product/Newtown-Brand-Sweet-Rice-Flakes/38314,$2.59,50+ Sold,Newtown Brand Sweet Rice Flakes,(4),Vietnam,
"Asian Choice Crayfish Fried Rice, Hot and Spicy Flavor 330 g",https://www.sayweee.com/en/product/Asian-Choice-Crayfish-Fried-Rice--Hot-and-Spicy-Flavor/37764,$4.99,50+ Sold,"Asian Choice Crayfish Fried Rice, Hot and Spicy Flavor",(42),Mainland China,Asian Choice
Fu Zhou Rice Vermicelli 400 g,https://www.sayweee.com/en/product/Fu-Zhou-Rice-Vermicelli/85708,$2.69,50+ Sold,Fu Zhou Rice Vermicelli,,Mainland China,
Golden Lion Dried Processed Black Rice  3 lb,https://www.sayweee.com/en/product/Golden-Lion-Dried-Processed-Black-Rice-/44517,$7.59,50+ Sold,Golden Lion Dried Processed Black Rice,(2),Mainland China,Golden Lion
"JZ Instant Breakfast Rice Cereal Box, Original 15ct 450 g",https://www.sayweee.com/en/product/JZ-Instant-Breakfast-Rice-Cereal-Box--Original-15ct/94737,$21.99,50+ Sold,"JZ Instant Breakfast Rice Cereal Box, Original 15ct",(105),Mainland China,
Pulmuone Radish Kimchi Fried Rice 14.1 oz,https://www.sayweee.com/en/product/Pulmuone-Radish-Kimchi-Fried-Rice/82292,$6.79,50+ Sold,Pulmuone Radish Kimchi Fried Rice,,South Korea,Pulmuone
Taiwanese Old Pot Rice Noodles 4pk 280 g,https://www.sayweee.com/en/product/Taiwanese-Old-Pot-Rice-Noodles-4pk/1857,$9.99,50+ Sold,Taiwanese Old Pot Rice Noodles 4pk,(14),Taiwan,Xinzhu
Lotus Foods Pad Thai Organic Rice Noodles 227 g,https://www.sayweee.com/en/product/Lotus-Foods-Pad-Thai-Organic-Rice-Noodles/83575,$3.99,50+ Sold,Lotus Foods Pad Thai Organic Rice Noodles,,Mainland China,Lotus Foods
Three Deer Brand Rice Vermicelli 300 g,https://www.sayweee.com/en/product/Three-Deer-Brand-Rice-Vermicelli/86091,$1.89,50+ Sold,Three Deer Brand Rice Vermicelli,,Mainland China,
Lotus Foods Rice Ramen Tom Yum Cup Noodles 57 g,https://www.sayweee.com/en/product/Lotus-Foods-Rice-Ramen-Tom-Yum-Cup-Noodles/83568,$2.29,50+ Sold,Lotus Foods Rice Ramen Tom Yum Cup Noodles,,Mainland China,
"Sanquan Glutinous Rice Ball Sweet Bean Paste Flavor, Frozen 400 g",https://www.sayweee.com/en/product/Sanquan-Glutinous-Rice-Ball-Sweet-Bean-Paste-Flavor--Frozen/86920,$3.79,50+ Sold,"Sanquan Glutinous Rice Ball Sweet Bean Paste Flavor, Frozen",,Mainland China,Sanquan
Lan Vang Yin Si Rice Vermicelli 300 g,https://www.sayweee.com/en/product/Lan-Vang-Yin-Si-Rice-Vermicelli/83944,$1.49,50+ Sold,Lan Vang Yin Si Rice Vermicelli,,Mainland China,
Glutinous Rice Ball with Peanuts  440 g,https://www.sayweee.com/en/product/Glutinous-Rice-Ball-with-Peanuts-/25795,$5.99,50+ Sold,Glutinous Rice Ball with Peanuts,(4),United States,
Ottogi Shrimp Fried Rice Twin Pack 450 g,https://www.sayweee.com/en/product/Ottogi-Shrimp-Fried-Rice-Twin-Pack/79671,$6.99,50+ Sold,Ottogi Shrimp Fried Rice Twin Pack,,South Korea,Ottogi
Woongjin Morning Rice Drink  50.72 fl.oz,https://www.sayweee.com/en/product/Woongjin-Morning-Rice-Drink-/40966,$4.99,50+ Sold,Woongjin Morning Rice Drink,(1),South Korea,
Liuquan Rice Noodles 360 g,https://www.sayweee.com/en/product/Liuquan-Rice-Noodles/12664,$4.89,50+ Sold,Liuquan Rice Noodles,(34),Mainland China,
"AC Fried Rice with Cumin Squid, Frozen 330 g",https://www.sayweee.com/en/product/AC-Fried-Rice-with-Cumin-Squid--Frozen/80402,$4.99,50+ Sold,"AC Fried Rice with Cumin Squid, Frozen",(3),Mainland China,
Taiwanese Sticky Rice 1 lb,https://www.sayweee.com/en/product/Taiwanese-Sticky-Rice/56644,$13.69,50+ Sold,Taiwanese Sticky Rice,(7),United States,
Lotus Foods Rice Ramen Jade Pearl Wakame Miso Soup Noodles 80 g,https://www.sayweee.com/en/product/Lotus-Foods-Rice-Ramen-Jade-Pearl-Wakame-Miso-Soup-Noodles/83576,$1.79,50+ Sold,Lotus Foods Rice Ramen Jade Pearl Wakame Miso Soup Noodles,(1),Mainland China,
Frozen Rice Cake (Red Bean) 80 g,https://www.sayweee.com/en/product/Frozen-Rice-Cake--Red-Bean-/4716,$4.49,50+ Sold,Frozen Rice Cake (Red Bean),(4),Mainland China,
"Asian Choice YangZhou  Fried Rice, Frozen 330 g",https://www.sayweee.com/en/product/Asian-Choice-YangZhou--Fried-Rice--Frozen/4959,$4.99,50+ Sold,"Asian Choice YangZhou  Fried Rice, Frozen",(14),Mainland China,
Hengshun 9 Degree Rice Vinegar 500 ml,https://www.sayweee.com/en/product/Hengshun-9-Degree-Rice-Vinegar/28868,$3.39,50+ Sold,Hengshun 9 Degree Rice Vinegar,(2),Mainland China,
"Taiwanese Old Pot Rice Noodles, Mushroom Onion Stew Flavor, 4pk  240 g",https://www.sayweee.com/en/product/Taiwanese-Old-Pot-Rice-Noodles--Mushroom-Onion-Stew-Flavor--4pk-/1858,$9.99,50+ Sold,"Taiwanese Old Pot Rice Noodles, Mushroom Onion Stew Flavor, 4pk",(33),Taiwan,Xinzhu
"AROY-D Durian with Sticky Rice in Coconut Milk, Frozen  180 g",https://www.sayweee.com/en/product/AROY-D-Durian-with-Sticky-Rice-in-Coconut-Milk--Frozen-/84161,$4.99,50+ Sold,"AROY-D Durian with Sticky Rice in Coconut Milk, Frozen",(2),Thailand,AROYD
Jack&King's Fried Rice Kimchi Flavor （FZ Ready to Eat） 300 g,https://www.sayweee.com/en/product/Jack-King-s-Fried-Rice-Kimchi-Flavor----FZ-Ready-to-Eat---/10941,$4.99,50+ Sold,Jack&King's Fried Rice Kimchi Flavor （FZ Ready to Eat）,(6),Mainland China,Jack & King's
Arawana Brand Rice Bran Oil  1800 ml,https://www.sayweee.com/en/product/Arawana-Brand-Rice-Bran-Oil-/30501,$10.89,50+ Sold,Arawana Brand Rice Bran Oil,(3),Mainland China,
Red Bean Rice Dumplings 1 each,https://www.sayweee.com/en/product/Red-Bean-Rice-Dumplings/81447,$3.49,50+ Sold,Red Bean Rice Dumplings,(14),Mainland China,
Lotus Foods Organic Pho Rice Noodles 227 g,https://www.sayweee.com/en/product/Lotus-Foods-Organic-Pho-Rice-Noodles/83573,$3.99,50+ Sold,Lotus Foods Organic Pho Rice Noodles,,Mainland China,
Koda Farms Superior Short Grain Sweet Rice 10 lb,https://www.sayweee.com/en/product/Koda-Farms-Superior-Short-Grain-Sweet-Rice/12281,$23.49,50+ Sold,Koda Farms Superior Short Grain Sweet Rice,(27),United States,
Arawana Brand Panjin Rice 11.3 lb,https://www.sayweee.com/en/product/Arawana-Brand-Panjin-Rice/50488,$16.99,50+ Sold,Arawana Brand Panjin Rice,(18),Mainland China,Arowana
Tramy Green Rice Ball Bean Paste 330 g,https://www.sayweee.com/en/product/Tramy-Green-Rice-Ball-Bean-Paste/63386,$4.79,50+ Sold,Tramy Green Rice Ball Bean Paste,(34),Mainland China,Tramy
Magnet Black Rice Tea with Rooibos 105 g,https://www.sayweee.com/en/product/Magnet-Black-Rice-Tea-with-Rooibos/30354,$7.99,50+ Sold,Magnet Black Rice Tea with Rooibos,(2),Taiwan,
