Title,Title_link,Thumbnail,brand-title,comment-star__count,Price,price-valid,price-invalid,price-discount,link-black,Headline,Field1,Field2
FENGDAN Taiwanese Black Date And  Walnut Cake 220g,https://www.yamibuy.com/en/p/fengdan-taiwanese-black-date-and-walnut-cake-220g/1016026311?scene=item_search.result&bu_type=search&module_name=input&index=1&content=desserts,https://cdn.yamibuy.net/item/5a0b56da0883d92317612ad536c28c90_684x684.webp,FAVOR DESSERTS,24,$19.99,,,,,FENGDAN Taiwanese Black Date And  Walnut Cake 220g,5,Taiwan
Small Moon Cake 495g 9pcs,https://www.yamibuy.com/en/p/small-moon-cake-594g-9pcs/3016089921?scene=item_search.result&bu_type=search&module_name=input&index=2&content=desserts,https://cdn.yamibuy.net/item/6cfc54278818d774a6555f8348f3df2d_684x684.webp,FAVOR DESSERTS,,,$66.49,$69.99,6% OFF,Taiwan Go,Small Moon Cake 495g 9pcs,,Taiwan
Pine Nuts Tea Cakes 495g 9pcs,https://www.yamibuy.com/en/p/pine-nuts-tea-cakes-495g-9pcs/3016089941?scene=item_search.result&bu_type=search&module_name=input&index=3&content=desserts,https://cdn.yamibuy.net/item/6cfc54278818d774a6555f8348f3df2d_684x684.webp,FAVOR DESSERTS,,,$66.49,$69.99,6% OFF,Taiwan Go,Pine Nuts Tea Cakes 495g 9pcs,,Taiwan
Princess Pastry 495g 9pcs,https://www.yamibuy.com/en/p/princess-cake-594g-9pcs/3016089911?scene=item_search.result&bu_type=search&module_name=input&index=4&content=desserts,https://cdn.yamibuy.net/item/4e93de94bd2a19fea1aa14da60f3e377_684x684.webp,FAVOR DESSERTS,,,$66.49,$69.99,6% OFF,Taiwan Go,Princess Pastry 495g 9pcs,,Taiwan
Corgi Desserts Canvas Bag - Lazy Day,https://www.yamibuy.com/en/p/corgi-desserts-canvas-bag-lazy-day/3028202641?scene=item_search.result&bu_type=search&module_name=input&index=5&content=desserts,https://cdn.yamibuy.net/statics/libraries/yamibuy/images/lazy.svg,NAYOTHECORGI,,$14.99,,,,Nayothecorgi,Corgi Desserts Canvas Bag - Lazy Day,,United States
FAVOR DESSERTS Longan Nanzao Walnut Cake(Vegan / Contain Wine) 160g,https://www.yamibuy.com/en/p/favor-desserts-longan-nanzao-walnut-cake-vegan-contain-wine-160g/3018013361?scene=item_search.result&bu_type=search&module_name=input&index=6&content=desserts,https://cdn.yamibuy.net/statics/libraries/yamibuy/images/lazy.svg,Fongden,2,,$18.99,$19.99,6% OFF,Taiwan Go,FAVOR DESSERTS Longan Nanzao Walnut Cake(Vegan / Contain Wine) 160g,3.5,Taiwan
FAVOR DESSERTS French Almond Cranberry Nougat(ovolactin) 160g,https://www.yamibuy.com/en/p/favor-desserts-french-almond-cranberry-nougat-lacto-ovo-vegetarian-160g/3018013331?scene=item_search.result&bu_type=search&module_name=input&index=7&content=desserts,https://cdn.yamibuy.net/statics/libraries/yamibuy/images/lazy.svg,Fongden,3,,$18.99,$19.99,6% OFF,Taiwan Go,FAVOR DESSERTS French Almond Cranberry Nougat(ovolactin) 160g,5,Taiwan
Corgi Desserts Canvas Bag - Sweet Overload,https://www.yamibuy.com/en/p/corgi-desserts-canvas-bag-sweet-overload/3028202661?scene=item_search.result&bu_type=search&module_name=input&index=8&content=desserts,https://cdn.yamibuy.net/statics/libraries/yamibuy/images/lazy.svg,NAYOTHECORGI,,$14.99,,,,Nayothecorgi,Corgi Desserts Canvas Bag - Sweet Overload,,United States
Corgi Desserts Canvas Bag - Sweet Time,https://www.yamibuy.com/en/p/corgi-desserts-canvas-bag-sweet-time/3028202631?scene=item_search.result&bu_type=search&module_name=input&index=9&content=desserts,https://cdn.yamibuy.net/statics/libraries/yamibuy/images/lazy.svg,NAYOTHECORGI,,$14.99,,,,Nayothecorgi,Corgi Desserts Canvas Bag - Sweet Time,,United States
Corgi Desserts Canvas Bag - Let's Picnic,https://www.yamibuy.com/en/p/corgi-desserts-canvas-bag-let-s-picnic/3028202651?scene=item_search.result&bu_type=search&module_name=input&index=10&content=desserts,https://cdn.yamibuy.net/statics/libraries/yamibuy/images/lazy.svg,NAYOTHECORGI,,$14.99,,,,Nayothecorgi,Corgi Desserts Canvas Bag - Let's Picnic,,United States
Multigrain Mixed Congee 375g,https://www.yamibuy.com/en/p/taisun-mixed-congee-375g/1021008811?scene=item_search.result&bu_type=search&module_name=input&index=11&content=desserts,https://cdn.yamibuy.net/statics/libraries/yamibuy/images/lazy.svg,TAISUN,771,$1.39,,,,,Multigrain Mixed Congee 375g,4.8,Taiwan
Porridge 370g,https://www.yamibuy.com/en/p/taiqi-discount-porridge-370g/1021042261?scene=item_search.result&bu_type=search&module_name=input&index=12&content=desserts,https://cdn.yamibuy.net/statics/libraries/yamibuy/images/lazy.svg,TAIQI,63,,$1.59,$2.29,31% OFF,,Porridge 370g,4.9,China
Rice Jelly (Brown Sugar Flavor) 240g,https://www.yamibuy.com/en/p/yumei-rice-jelly-brown-sugar-flavor-240g/1016067331?scene=item_search.result&bu_type=search&module_name=input&index=13&content=desserts,https://cdn.yamibuy.net/statics/libraries/yamibuy/images/lazy.svg,YUMEI,256,$2.49,,,,,Rice Jelly (Brown Sugar Flavor) 240g,4.5,China
Walnut Sesame and Black Bean Meal 600g,https://www.yamibuy.com/en/p/wugu-mofang-walnut-sesame-and-black-bean-meal-600g/1021061411?scene=item_search.result&bu_type=search&module_name=input&index=14&content=desserts,https://cdn.yamibuy.net/statics/libraries/yamibuy/images/lazy.svg,WUGU MOFANG,236,,$18.99,$21.99,14% OFF,,Walnut Sesame and Black Bean Meal 600g,4.9,China
Fresh Chinese Bayberry Bottle 360g,https://www.yamibuy.com/en/p/fresh-waxberry-bottle-360g/1147008261?scene=item_search.result&bu_type=search&module_name=input&index=15&content=desserts,https://cdn.yamibuy.net/statics/libraries/yamibuy/images/lazy.svg,LJPZ,27,,$2.39,$2.49,5% OFF,,Fresh Chinese Bayberry Bottle 360g,4.7,China
GOURMET FARM Preserved Duck Eggs Century Eggs 272g,https://www.yamibuy.com/en/p/gourmet-farm-preserved-duck-eggs-millennium-eggs-272g/1021021971?scene=item_search.result&bu_type=search&module_name=input&index=16&content=desserts,https://cdn.yamibuy.net/statics/libraries/yamibuy/images/lazy.svg,ZHUANG YUAN,62,,$2.49,$2.89,14% OFF,,GOURMET FARM Preserved Duck Eggs Century Eggs 272g,4.8,China
Red Bean Sand Porridge 370g,https://www.yamibuy.com/en/p/taiqi-red-bean-sand-porridge-370g/1021042271?scene=item_search.result&bu_type=search&module_name=input&index=17&content=desserts,https://cdn.yamibuy.net/statics/libraries/yamibuy/images/lazy.svg,TAIQI,40,,$1.59,$2.29,31% OFF,,Red Bean Sand Porridge 370g,4.9,China
Instant Herbal Cereal Original 450g,https://www.yamibuy.com/en/p/jzjt-instant-herbal-cereal-original-450g/1021028511?scene=item_search.result&bu_type=search&module_name=input&index=18&content=desserts,https://cdn.yamibuy.net/statics/libraries/yamibuy/images/lazy.svg,JZJT,441,$23.99,,,,,Instant Herbal Cereal Original 450g,4.6,China
Red Bean Soup with Pearl Barley 300g Gluten Free,https://www.yamibuy.com/en/p/instant-purple-rice-porridge-300g-gluten-free/1147010121?scene=item_search.result&bu_type=search&module_name=input&index=19&content=desserts,https://cdn.yamibuy.net/statics/libraries/yamibuy/images/lazy.svg,TOTOLE,19,$1.99,,,,,Red Bean Soup with Pearl Barley 300g Gluten Free,4.2,China
Dried purple yam Oatmeal 2 bags 90g,https://www.yamibuy.com/en/p/dried-purple-yam-oatmeal-2-bags-90g/1147007081?scene=item_search.result&bu_type=search&module_name=input&index=20&content=desserts,https://cdn.yamibuy.net/statics/libraries/yamibuy/images/lazy.svg,BUYDEEM,12,$3.39,,,,,Dried purple yam Oatmeal 2 bags 90g,4.7,China
Taro and Mushroom Porridge 35gx3,https://www.yamibuy.com/en/p/sesame-oil-and-ginger-porridge-35gx3/1147011371?scene=item_search.result&bu_type=search&module_name=input&index=21&content=desserts,https://cdn.yamibuy.net/statics/libraries/yamibuy/images/lazy.svg,Zen Eat,1,,$10.99,$11.99,9% OFF,,Taro and Mushroom Porridge 35gx3,5,Taiwan
GOURMET FARM Cooked Salted Duck Eggs 272g,https://www.yamibuy.com/en/p/gourmet-farm-cooked-salted-duck-eggs-272g/1021021981?scene=item_search.result&bu_type=search&module_name=input&index=22&content=desserts,https://cdn.yamibuy.net/statics/libraries/yamibuy/images/lazy.svg,ZHUANG YUAN,114,,$2.39,$2.89,18% OFF,,GOURMET FARM Cooked Salted Duck Eggs 272g,4.7,China
Red bean and barley rice noodles Low-fat and high-fiber classic damp-removing meal replacement powder 50,https://www.yamibuy.com/en/p/red-bean-and-barley-rice-noodles-low-fat-and-high-fiber-classic-damp-removing-meal-replacement-powder-50/1147008401?scene=item_search.result&bu_type=search&module_name=input&index=23&content=desserts,https://cdn.yamibuy.net/statics/libraries/yamibuy/images/lazy.svg,MR FANG'S STORE,23,,$17.99,$18.99,6% OFF,,Red bean and barley rice noodles Low-fat and high-fiber classic damp-removing meal replacement powder 50,5,China
Fresh Slice Peach Bottle 425g,https://www.yamibuy.com/en/p/fresh-slice-peach-bottle-425g/1147008231?scene=item_search.result&bu_type=search&module_name=input&index=24&content=desserts,https://cdn.yamibuy.net/statics/libraries/yamibuy/images/lazy.svg,LJPZ,29,,$2.19,$2.29,5% OFF,,Fresh Slice Peach Bottle 425g,4.7,China
Pearl Barley Congee 340g,https://www.yamibuy.com/en/p/agv-pearl-barley-congee-340g/1021008531?scene=item_search.result&bu_type=search&module_name=input&index=25&content=desserts,https://cdn.yamibuy.net/statics/libraries/yamibuy/images/lazy.svg,AGV,171,,$1.49,$1.99,26% OFF,,Pearl Barley Congee 340g,4.7,Taiwan
Milk Peanut with Soup 11.27 oz,https://www.yamibuy.com/en/p/milk-peanut-with-soup-11-27-oz/1020065071?scene=item_search.result&bu_type=search&module_name=input&index=26&content=desserts,https://cdn.yamibuy.net/statics/libraries/yamibuy/images/lazy.svg,Chiao Kuo,,,$1.69,$1.99,16% OFF,,Milk Peanut with Soup 11.27 oz,,China
Kind-Rice Porridge 360g,https://www.yamibuy.com/en/p/coins-kind-rice-porridge-360g/1147003761?scene=item_search.result&bu_type=search&module_name=input&index=27&content=desserts,https://cdn.yamibuy.net/statics/libraries/yamibuy/images/lazy.svg,COINS,11,$1.79,,,,,Kind-Rice Porridge 360g,4.6,China
Fresh Stewed White Fungus,https://www.yamibuy.com/en/p/fresh-stewed-white-fungus-1176g-box/1147011641?scene=item_search.result&bu_type=search&module_name=input&index=28&content=desserts,https://cdn.yamibuy.net/statics/libraries/yamibuy/images/lazy.svg,MR FANG'S STORE,,$3.99,,,,,Fresh Stewed White Fungus,,China
Green and Red Chilli Preserved Vegetable 80g,https://www.yamibuy.com/en/p/yuquan-green-and-red-chilli-preserved-vegetable-80g/1021047351?scene=item_search.result&bu_type=search&module_name=input&index=29&content=desserts,https://cdn.yamibuy.net/statics/libraries/yamibuy/images/lazy.svg,YUQUAN,7,$0.69,,,,,Green and Red Chilli Preserved Vegetable 80g,4.9,China
Sweet Mixed Porridge 350 g,https://www.yamibuy.com/en/p/sweet-mixed-porridge-350-g/1147012611?scene=item_search.result&bu_type=search&module_name=input&index=30&content=desserts,https://cdn.yamibuy.net/statics/libraries/yamibuy/images/lazy.svg,Chiao Kuo,,$1.69,,,,,Sweet Mixed Porridge 350 g,,China
Walnut Sesame Powder 500g,https://www.yamibuy.com/en/p/500g/1147008411?scene=item_search.result&bu_type=search&module_name=input&index=31&content=desserts,https://cdn.yamibuy.net/statics/libraries/yamibuy/images/lazy.svg,MR FANG'S STORE,41,,$16.99,$18.99,11% OFF,,Walnut Sesame Powder 500g,4.6,China
Canned Sweet Hawthorn 720g,https://www.yamibuy.com/en/p/canned-sweet-hawthorn-720g/1147012941?scene=item_search.result&bu_type=search&module_name=input&index=32&content=desserts,https://cdn.yamibuy.net/statics/libraries/yamibuy/images/lazy.svg,ZHIWEITANG,,$5.99,,,,,Canned Sweet Hawthorn 720g,,China
Canned Preserved Peach 720g,https://www.yamibuy.com/en/p/canned-preserved-peach-720g/1147012951?scene=item_search.result&bu_type=search&module_name=input&index=33&content=desserts,https://cdn.yamibuy.net/statics/libraries/yamibuy/images/lazy.svg,ZHIWEITANG,,$5.99,,,,,Canned Preserved Peach 720g,,China
Black Grass Jelly 19oz,https://www.yamibuy.com/en/p/black-grass-jelly-19oz/1147012981?scene=item_search.result&bu_type=search&module_name=input&index=34&content=desserts,https://cdn.yamibuy.net/statics/libraries/yamibuy/images/lazy.svg,MIFENG,,$2.49,,,,,Black Grass Jelly 19oz,,China
Konjac Jelly Pineapple Flavor 263g,https://www.yamibuy.com/en/p/konjac-jelly-pineapple-flavor-263g/1147010591?scene=item_search.result&bu_type=search&module_name=input&index=35&content=desserts,https://cdn.yamibuy.net/statics/libraries/yamibuy/images/lazy.svg,YUMEI,1,$2.99,,,,,Konjac Jelly Pineapple Flavor 263g,5,China
Konjac Jelly,https://www.yamibuy.com/en/p/konjac-jelly/1147010831?scene=item_search.result&bu_type=search&module_name=input&index=36&content=desserts,https://cdn.yamibuy.net/statics/libraries/yamibuy/images/lazy.svg,YUANXIAN,6,$3.49,,,,,Konjac Jelly,4.7,China
Cranberry Tremella Soup 75g,https://www.yamibuy.com/en/p/cranberry-tremella-soup-75g/1147007101?scene=item_search.result&bu_type=search&module_name=input&index=37&content=desserts,https://cdn.yamibuy.net/statics/libraries/yamibuy/images/lazy.svg,BUYDEEM,6,$4.99,,,,,Cranberry Tremella Soup 75g,5,China
Lychee In Syrup 20oz,https://www.yamibuy.com/en/p/lychee-in-syrup-20oz/1147012971?scene=item_search.result&bu_type=search&module_name=input&index=38&content=desserts,https://cdn.yamibuy.net/statics/libraries/yamibuy/images/lazy.svg,DRAGONFLY BRAND,,$3.69,,,,,Lychee In Syrup 20oz,,China
Konjac Jelly Brown Sugar 263g,https://www.yamibuy.com/en/p/konjac-jelly-brown-sugar-263g/1147010581?scene=item_search.result&bu_type=search&module_name=input&index=39&content=desserts,https://cdn.yamibuy.net/statics/libraries/yamibuy/images/lazy.svg,YUMEI,5,$2.99,,,,,Konjac Jelly Brown Sugar 263g,5,China
Organic Pickled Cabbage 454g,https://www.yamibuy.com/en/p/gourmet-farm-organic-pickled-cabbage-454g/1021009041?scene=item_search.result&bu_type=search&module_name=input&index=40&content=desserts,https://cdn.yamibuy.net/statics/libraries/yamibuy/images/lazy.svg,ZHUANG YUAN,26,$3.19,,,,,Organic Pickled Cabbage 454g,4.8,China
Black Sesame Dessert 250g,https://www.yamibuy.com/en/p/black-sesame-dessert-250g/1147010951?scene=item_search.result&bu_type=search&module_name=input&index=41&content=desserts,https://cdn.yamibuy.net/statics/libraries/yamibuy/images/lazy.svg,SHUNNAN,3,$3.69,,,,,Black Sesame Dessert 250g,4.7,China
Lily Bulbs Polygonatum Lotus Seed Soup 78g,https://www.yamibuy.com/en/p/lily-bulbs-polygonatum-lotus-seed-soup-90g/1147007111?scene=item_search.result&bu_type=search&module_name=input&index=42&content=desserts,https://cdn.yamibuy.net/statics/libraries/yamibuy/images/lazy.svg,BUYDEEM,6,$5.12,,,,,Lily Bulbs Polygonatum Lotus Seed Soup 78g,4.8,China
Pita Bread in Soup 265g,https://www.yamibuy.com/en/p/pita-bread-in-soup-265g/1147010141?scene=item_search.result&bu_type=search&module_name=input&index=43&content=desserts,https://cdn.yamibuy.net/statics/libraries/yamibuy/images/lazy.svg,Liuyipao,1,$4.99,,,,,Pita Bread in Soup 265g,3,China
SiChuan Spicy Flavor Sauce 230g,https://www.yamibuy.com/en/p/yumei-sichuan-spicy-flavor-sauce-230g/1021055731?scene=item_search.result&bu_type=search&module_name=input&index=44&content=desserts,https://cdn.yamibuy.net/statics/libraries/yamibuy/images/lazy.svg,YUMEI,43,$2.79,,,,,SiChuan Spicy Flavor Sauce 230g,4.4,China
Walnut Desser 250g,https://www.yamibuy.com/en/p/walnut-desser-250g/1147010981?scene=item_search.result&bu_type=search&module_name=input&index=45&content=desserts,https://cdn.yamibuy.net/statics/libraries/yamibuy/images/lazy.svg,SHUNNAN,2,$3.69,,,,,Walnut Desser 250g,5,China
Cooked Salted Duck Eggs 330g,https://www.yamibuy.com/en/p/pro-fusion-cooked-salted-duck-eggs-330g/1021010721?scene=item_search.result&bu_type=search&module_name=input&index=46&content=desserts,https://cdn.yamibuy.net/statics/libraries/yamibuy/images/lazy.svg,PRO FUSION,13,$3.99,,,,,Cooked Salted Duck Eggs 330g,4.5,China
【Frozen】Baked Cheesecake 4pc 160g,https://www.yamibuy.com/en/p/baked-cheesecake-4pc-160g/1147010741?scene=item_search.result&bu_type=search&module_name=input&index=47&content=desserts,https://cdn.yamibuy.net/statics/libraries/yamibuy/images/lazy.svg,F-GOYO,,$7.69,,,,,【Frozen】Baked Cheesecake 4pc 160g,,Japan
Crispy BamBoo Shoots 188g,https://www.yamibuy.com/en/p/bestore-crispy-bamboo-shoots-188g/1021028271?scene=item_search.result&bu_type=search&module_name=input&index=48&content=desserts,https://cdn.yamibuy.net/statics/libraries/yamibuy/images/lazy.svg,BESTORE,19,$3.29,,,,,Crispy BamBoo Shoots 188g,4.7,China
,,,,,,,,,,,,
,,,,,,,,,,,,
Thick Clam Cream Soup Instant Soup 3pcs,https://www.yamibuy.com/en/p/thick-clam-cream-soup-instant-soup-3pcs/1147009101,https://cdn.yamibuy.net/item/09f263317512a1760e89d974bc21b03f_684x684.webp,POKKA SAPPORO,6,$4.99,,,,,Thick Clam Cream Soup Instant Soup 3pcs,4.8,Japan
Konjac Jelly Orange Flavor 263g,https://www.yamibuy.com/en/p/konjac-jelly-orange-flavor-263g/1147010601,https://cdn.yamibuy.net/item/d62239124bff94004681dfc77e0d59d9_684x684.webp,YUMEI,2,$2.99,,,,,Konjac Jelly Orange Flavor 263g,5,China
Almond Desser 250g,https://www.yamibuy.com/en/p/almond-desser-250g/1147010971,https://cdn.yamibuy.net/item/595df5a5d5fcd2285b7bc12e74852d12_684x684.webp,SHUNNAN,3,$3.69,,,,,Almond Desser 250g,5,China
【Frozen】Baked Green Tea Cheesecake 160g,https://www.yamibuy.com/en/p/f-goyo-baked-greentea-cheesecake/1147010751,https://cdn.yamibuy.net/item/b73688406327673bdc3c83f114114e0d_684x684.webp,F-GOYO,,$7.69,,,,,【Frozen】Baked Green Tea Cheesecake 160g,,Japan
Canned Saury Sanma De Kenko Shoyu Aji 100g,https://www.yamibuy.com/en/p/hagoromo-canned-saury-sanma-de-kenko-shoyu-aji-100g/1021011211,https://cdn.yamibuy.net/statics/libraries/yamibuy/images/lazy.svg,HAGOROMO,18,$2.99,,,,,Canned Saury Sanma De Kenko Shoyu Aji 100g,4.4,Japan
Preserved Duck Eggs Hard Yolk 360g,https://www.yamibuy.com/en/p/pro-fusion-preserved-duck-eggs-hard-yolk-360g/1021010701,https://cdn.yamibuy.net/statics/libraries/yamibuy/images/lazy.svg,PRO FUSION,12,$3.99,,,,,Preserved Duck Eggs Hard Yolk 360g,4.7,China
Preserved Duck Eggs Soft Yolk 360g,https://www.yamibuy.com/en/p/pro-fusion-presvd-duck-eggs-soft-yolk-360g/1147003181,https://cdn.yamibuy.net/statics/libraries/yamibuy/images/lazy.svg,PRO FUSION,10,$3.69,,,,,Preserved Duck Eggs Soft Yolk 360g,4.9,China
Thick Pumpkin Cream Soup Low Heat Instant Meal Replacement Instant Soup 3bags,https://www.yamibuy.com/en/p/thick-pumpkin-cream-soup-low-heat-instant-meal-replacement-instant-soup-3bags/1147009031,https://cdn.yamibuy.net/statics/libraries/yamibuy/images/lazy.svg,POKKA SAPPORO,4,$4.99,,,,,Thick Pumpkin Cream Soup Low Heat Instant Meal Replacement Instant Soup 3bags,5,Japan
Thick Hokkaido Corn Cream Soup Instant Soup 3pcs,https://www.yamibuy.com/en/p/thick-hokkaido-corn-cream-soup-instant-soup-3pcs/1147009091,https://cdn.yamibuy.net/statics/libraries/yamibuy/images/lazy.svg,POKKA SAPPORO,1,$4.99,,,,,Thick Hokkaido Corn Cream Soup Instant Soup 3pcs,5,Japan
Thick Broccoli Cheese Cream Soup Instant Soup 3pcs,https://www.yamibuy.com/en/p/thick-broccoli-cheese-cream-soup-instant-soup-3pcs/1147009071,https://cdn.yamibuy.net/statics/libraries/yamibuy/images/lazy.svg,POKKA SAPPORO,1,$4.99,,,,,Thick Broccoli Cheese Cream Soup Instant Soup 3pcs,5,Japan
Bird's Nest Drink Jar Giftset 6pc,https://www.yamibuy.com/en/p/sanest-khanh-hoa-bird-s-nest-drink-jar-6jars/1147010621,https://cdn.yamibuy.net/statics/libraries/yamibuy/images/lazy.svg,SANEST,1,$39.99,,,,,Bird's Nest Drink Jar Giftset 6pc,5,Vietnam
Spicy Sliced Kelp 218g,https://www.yamibuy.com/en/p/bestore-spicy-sliced-kelp-218g/1021028301,https://cdn.yamibuy.net/statics/libraries/yamibuy/images/lazy.svg,BESTORE,29,$3.49,,,,,Spicy Sliced Kelp 218g,4,China
Konjac Nutritional Meal 420g 30g x 14 Packets,https://www.yamibuy.com/en/p/item/5147008721,https://cdn.yamibuy.net/statics/libraries/yamibuy/images/lazy.svg,MushroomStorm,11,,$14.24,$14.99,6% OFF,,Konjac Nutritional Meal 420g 30g x 14 Packets,4.7,China
Daily Low Fat Cereal Breakfast 400g,https://www.yamibuy.com/en/p/daily-low-fat-cereal-breakfast-400g-2/3147010411,https://cdn.yamibuy.net/statics/libraries/yamibuy/images/lazy.svg,BESTORE,,$24.99,,,,Haiyi Food House@CHINA,Daily Low Fat Cereal Breakfast 400g,,China
JAPAN Sugar Free  Doria 206,https://www.yamibuy.com/en/p/japan-kagome-sugar-free-chicken-doria-206g/3147003431,https://cdn.yamibuy.net/statics/libraries/yamibuy/images/lazy.svg,KAGOME,2,,$12.00,$19.90,40% OFF,Japan U-HIN@JAPAN,JAPAN Sugar Free  Doria 206,5,Japan
JAPAN Sugar free  Doria 206g,https://www.yamibuy.com/en/p/japan-kagome-sugar-free-meat-doria-206g/3147003421,https://cdn.yamibuy.net/statics/libraries/yamibuy/images/lazy.svg,KAGOME,1,,$12.00,$19.99,40% OFF,Japan U-HIN@JAPAN,JAPAN Sugar free  Doria 206g,5,Japan
Millet pumpkin porridge 100g in a small bag,https://www.yamibuy.com/en/p/millet-pumpkin-porridge-100g-in-a-small-bag-3/3147008851,https://cdn.yamibuy.net/statics/libraries/yamibuy/images/lazy.svg,YAODUODUO,,$8.90,,,,A snack bar@CHINA,Millet pumpkin porridge 100g in a small bag,,China
Rice Porridge 6pc,https://www.yamibuy.com/en/p/rice-porridge-6pc/3147009371,https://cdn.yamibuy.net/statics/libraries/yamibuy/images/lazy.svg,NISSIN,1,,$21.50,$32.99,35% OFF,Japan U-HIN@JAPAN,Rice Porridge 6pc,5,Japan
FD Freeze Dried Rice Porridge Instant Breakfast Porridge 5 Flavors 10 Bag Combination 368g,https://www.yamibuy.com/en/p/haifusheng-fd-freeze-dried-rice-porridge-instant-breakfast-porridge-5-flavors-10-bag-combination-368g/3147006261,https://cdn.yamibuy.net/statics/libraries/yamibuy/images/lazy.svg,HAIFUSHENG,,$29.99,,,,Haiyi Food House@CHINA,FD Freeze Dried Rice Porridge Instant Breakfast Porridge 5 Flavors 10 Bag Combination 368g,,China
JAPAN Bibimbap 254g,https://www.yamibuy.com/en/p/japan-marumiya-bibimbap-254g/3147006591,https://cdn.yamibuy.net/statics/libraries/yamibuy/images/lazy.svg,MARUMIYA,,,$11.50,$18.99,40% OFF,Japan U-HIN@JAPAN,JAPAN Bibimbap 254g,,Japan
JAPAN Sugar Free Tomato risotto 260g,https://www.yamibuy.com/en/p/japan-kagome-sugar-free-tomato-risotto-260g/3147003441,https://cdn.yamibuy.net/statics/libraries/yamibuy/images/lazy.svg,KAGOME,1,,$12.00,$22.90,48% OFF,Japan U-HIN@JAPAN,JAPAN Sugar Free Tomato risotto 260g,5,Japan
Eight-treasure porridge 100g in a small bag,https://www.yamibuy.com/en/p/eight-treasure-porridge-100g-in-a-small-bag-3/3147008841,https://cdn.yamibuy.net/statics/libraries/yamibuy/images/lazy.svg,YAODUODUO,,$8.90,,,,A snack bar@CHINA,Eight-treasure porridge 100g in a small bag,,China
PING TUNG Red Bean Soup 320g  (Limited to 5 cans),https://www.yamibuy.com/en/p/ping-tung-red-bean-soup-320g/3147008271,https://cdn.yamibuy.net/statics/libraries/yamibuy/images/lazy.svg,LIEN HAW FOODS,,,$6.64,$6.99,6% OFF,Taiwan Go,PING TUNG Red Bean Soup 320g  (Limited to 5 cans),,Taiwan
SOYESFOOD Sweet Taro 200g/can  (Limited to 5 cans),https://www.yamibuy.com/en/p/farmer-sweet-taro-200g-can/3147003781,https://cdn.yamibuy.net/statics/libraries/yamibuy/images/lazy.svg,LIEN HAW FOODS,1,,$3.79,$3.99,6% OFF,Taiwan Go,SOYESFOOD Sweet Taro 200g/can  (Limited to 5 cans),4,Taiwan
Ten-grain rice porridge eight-treasure porridge raw materials in small bags 100g,https://www.yamibuy.com/en/p/ten-grain-rice-porridge-eight-treasure-porridge-raw-materials-in-small-bags-100g-3/3147008831,https://cdn.yamibuy.net/statics/libraries/yamibuy/images/lazy.svg,YAODUODUO,,$8.90,,,,A snack bar@CHINA,Ten-grain rice porridge eight-treasure porridge raw materials in small bags 100g,,China
Kelp Silk Spicy Taste 218g,https://www.yamibuy.com/en/p/bestore-kelp-silk-spicy-taste-218g/3021064321,https://cdn.yamibuy.net/statics/libraries/yamibuy/images/lazy.svg,BESTORE,4,$7.99,,,,Haiyi Food House@CHINA,Kelp Silk Spicy Taste 218g,5,China
FANGJIAPUZI Peach Gum Snow Swallow Gleditsiae Semen Soup 200g,https://www.yamibuy.com/en/p/fangjiapuzi-peach-gum-snow-swallow-gleditsia-sinensis-soup-200g/3147001031,https://cdn.yamibuy.net/statics/libraries/yamibuy/images/lazy.svg,MR FANG'S STORE,2,$24.99,,,,Haiyi Food House@CHINA,FANGJIAPUZI Peach Gum Snow Swallow Gleditsiae Semen Soup 200g,5,China
JAPAN  Meal Replacement Cacao&Nuts15pc,https://www.yamibuy.com/en/p/japan-asahi-meal-replacement-cacao-nuts15pc/3147001701,https://cdn.yamibuy.net/statics/libraries/yamibuy/images/lazy.svg,ASAHI,4,,$7.90,$14.99,48% OFF,Japan U-HIN@JAPAN,JAPAN  Meal Replacement Cacao&Nuts15pc,4.8,Japan
PING TUNG Taiwan Red Quinoa and Red Bean Porridge 250g  (Limited to 5 cans),https://www.yamibuy.com/en/p/ping-tung-taiwan-red-quinoa-and-red-bean-porridge-250g/3147008281,https://cdn.yamibuy.net/statics/libraries/yamibuy/images/lazy.svg,LIEN HAW FOODS,,,$6.64,$6.99,6% OFF,Taiwan Go,PING TUNG Taiwan Red Quinoa and Red Bean Porridge 250g  (Limited to 5 cans),,Taiwan
JAPAN  Meal Replacement Honey&Raisins 15pc,https://www.yamibuy.com/en/p/japan-asahi-meal-replacement-honey-raisins-15pc/3147001691,https://cdn.yamibuy.net/statics/libraries/yamibuy/images/lazy.svg,ASAHI,3,,$7.90,$14.99,48% OFF,Japan U-HIN@JAPAN,JAPAN  Meal Replacement Honey&Raisins 15pc,5,Japan
JAPAN Sugar Free  Vegetable Curry 240g,https://www.yamibuy.com/en/p/japan-kagome-sugar-free-vegetable-curry-240g/3147003451,https://cdn.yamibuy.net/statics/libraries/yamibuy/images/lazy.svg,KAGOME,2,,$12.00,$22.90,48% OFF,Japan U-HIN@JAPAN,JAPAN Sugar Free  Vegetable Curry 240g,5,Japan
JAPAN  Meal Replacement Maple&Walnut 15pc,https://www.yamibuy.com/en/p/japan-asahi-meal-replacement-maple-walnut-15pc/3147001681,https://cdn.yamibuy.net/statics/libraries/yamibuy/images/lazy.svg,ASAHI,5,,$7.90,$14.99,48% OFF,Japan U-HIN@JAPAN,JAPAN  Meal Replacement Maple&Walnut 15pc,4.6,Japan
SOYESFOOD Sweet Red Bean 200g/can  (Limited to 5 cans),https://www.yamibuy.com/en/p/farmer-sweet-red-bean-200g-can/3147003771,https://cdn.yamibuy.net/statics/libraries/yamibuy/images/lazy.svg,LIEN HAW FOODS,,,$3.79,$3.99,6% OFF,Taiwan Go,SOYESFOOD Sweet Red Bean 200g/can  (Limited to 5 cans),,Taiwan
JAPAN  Meal Replacement Fruit 15pc Sugar 25%OFF,https://www.yamibuy.com/en/p/japan-asahi-meal-replacement-fruit-15pc-sugar-25-off/3147001671,https://cdn.yamibuy.net/statics/libraries/yamibuy/images/lazy.svg,ASAHI,2,,$7.90,$14.99,48% OFF,Japan U-HIN@JAPAN,JAPAN  Meal Replacement Fruit 15pc Sugar 25%OFF,5,Japan
JAPAN  Meal Replacement Fruit 15pc,https://www.yamibuy.com/en/p/japan-asahi-meal-replacement-fruit-15pc/3147001661,https://cdn.yamibuy.net/statics/libraries/yamibuy/images/lazy.svg,ASAHI,3,,$7.90,$14.99,48% OFF,Japan U-HIN@JAPAN,JAPAN  Meal Replacement Fruit 15pc,5,Japan
WUGUMOFANG Y10 Prebiotic High Fiber Meal 1100g,https://www.yamibuy.com/en/p/wugumofang-y10-prebiotic-high-fiber-meal/3147005291,https://cdn.yamibuy.net/statics/libraries/yamibuy/images/lazy.svg,WUGU MOFANG,2,,$19.99,$49.00,60% OFF,Sunway Snack Bar,WUGUMOFANG Y10 Prebiotic High Fiber Meal 1100g,4.5,China
FENGDAN Taiwanese Crispy Biscuit Filled with Nougat 144g,https://www.yamibuy.com/en/p/fengdan-taiwanese-crispy-biscuit-filled-with-nougat-144g/1016026301,https://cdn.yamibuy.net/statics/libraries/yamibuy/images/lazy.svg,FAVOR DESSERTS,6,$11.99,,,,,FENGDAN Taiwanese Crispy Biscuit Filled with Nougat 144g,3.2,Taiwan
Popin Cookin DIY Cake Shop Ice Cream Cone Frosting Desserts 26g,https://www.yamibuy.com/en/p/kracie-popin-cookin-diy-cake-shop-ice-cream-cone-frosting-desserts-26g/1027004111,https://cdn.yamibuy.net/statics/libraries/yamibuy/images/lazy.svg,Kracie,16,,$3.99,$4.99,21% OFF,,Popin Cookin DIY Cake Shop Ice Cream Cone Frosting Desserts 26g,4.8,Japan
Red Bean Soup with Black RIce 300g Gluten Free,https://www.yamibuy.com/en/p/instant-purple-rice-porridge-300g-gluten-free/1147010111,https://cdn.yamibuy.net/statics/libraries/yamibuy/images/lazy.svg,TOTOLE,33,$1.99,,,,,Red Bean Soup with Black RIce 300g Gluten Free,4.8,China
Brown Sugar With Mixed Congee 340g,https://www.yamibuy.com/en/p/taisun-mixed-congee-with-okinawa-brown-sugar-340g/1021010931,https://cdn.yamibuy.net/statics/libraries/yamibuy/images/lazy.svg,TAISUN,343,,$1.39,$1.49,7% OFF,,Brown Sugar With Mixed Congee 340g,4.7,Taiwan
Mixed Black Glutinous Rice Congee 255g,https://www.yamibuy.com/en/p/taisun-mixed-congee-black-glutinous-rice-job-s-tears-255g/1021039341,https://cdn.yamibuy.net/statics/libraries/yamibuy/images/lazy.svg,TAISUN,293,$1.29,,,,,Mixed Black Glutinous Rice Congee 255g,4.7,Taiwan
Milk Peanut Soup 340g,https://www.yamibuy.com/en/p/agv-milk-peanut-soup-340g/1021008541,https://cdn.yamibuy.net/statics/libraries/yamibuy/images/lazy.svg,AGV,83,,$1.49,$1.69,12% OFF,,Milk Peanut Soup 340g,4.4,Taiwan
FU CHUN JIANG Rice Pudding 350g,https://www.yamibuy.com/en/p/fu-chun-jiang-rice-pudding-350g/1147001231,https://cdn.yamibuy.net/statics/libraries/yamibuy/images/lazy.svg,FUCHUNJIANG,38,$2.29,,,,,FU CHUN JIANG Rice Pudding 350g,4.7,China
Canned In Syrup(Haw)  680g,https://www.yamibuy.com/en/p/qianbaiwei-canned-in-syrup-haw-680g/1147004751,https://cdn.yamibuy.net/statics/libraries/yamibuy/images/lazy.svg,QIANBAIWEI,35,$2.99,,,,,Canned In Syrup(Haw)  680g,4.8,China
Deluxe Grass Jelly Dessert 330g,https://www.yamibuy.com/en/p/agv-herbal-jelly-330g/1021008831,https://cdn.yamibuy.net/statics/libraries/yamibuy/images/lazy.svg,AGV,292,$1.59,,,,,Deluxe Grass Jelly Dessert 330g,4.5,Taiwan
Red Bean and Purple Rice Porridge 35gx3,https://www.yamibuy.com/en/p/red-bean-and-purple-rice-porridge-35gx3/1147011381,https://cdn.yamibuy.net/statics/libraries/yamibuy/images/lazy.svg,Zen Eat,,,$10.99,$11.99,9% OFF,,Red Bean and Purple Rice Porridge 35gx3,,Taiwan
Red Bean & Coix Meal 600g (New Formula New Packaging),https://www.yamibuy.com/en/p/wugu-mofang-red-bean-coix-meal-600g/1021061401,https://cdn.yamibuy.net/statics/libraries/yamibuy/images/lazy.svg,WUGU MOFANG,142,,$18.99,$25.99,27% OFF,,Red Bean & Coix Meal 600g (New Formula New Packaging),4.8,China
Instant Cereal Mixed Congee 380g,https://www.yamibuy.com/en/p/agv-instant-cereal-mixed-congee-380g/1021008561,https://cdn.yamibuy.net/statics/libraries/yamibuy/images/lazy.svg,AGV,35,$1.69,,,,,Instant Cereal Mixed Congee 380g,4.6,Taiwan
,,,,,,,,,,,,
,,,,,,,,,,,,
,,,,,,,,,,,,
Sesame Oil and Ginger Porridge 35gx3,https://www.yamibuy.com/en/p/taro-and-mushroom-porridge-35gx3/1147011361,https://cdn.yamibuy.net/item/11f822eaea6fa0dce34487b6fad0828d_684x684.webp,Zen Eat,,,$10.99,$11.99,9% OFF,,Sesame Oil and Ginger Porridge 35gx3,,Taiwan
Eight Treasures Rice Cake 480g,https://www.yamibuy.com/en/p/mei-hua-siang-eight-treasures-rice-cake-480g/1021009621,https://cdn.yamibuy.net/item/41035ef0fab010f4c07e536ad870c332_684x684.webp,MEI HUA SIANG,7,$3.59,,,,,Eight Treasures Rice Cake 480g,4.6,Taiwan
Instant Cereal Mixed Congee 380g,https://www.yamibuy.com/en/p/agv-instant-cereal-mixed-congee-380g/1021008561,https://cdn.yamibuy.net/item/7d4c492300efe181b5687e228f911df4_684x684.webp,AGV,35,$1.69,,,,,Instant Cereal Mixed Congee 380g,4.6,Taiwan
Black Sesame Walnut Powder 360g,https://www.yamibuy.com/en/p/liziqi-black-sesame-walnut-powder-360g/1020040801,https://cdn.yamibuy.net/item/66fb4d64d835c2b0429cc2c2c3133d4d_684x684.webp,LIZIQI,57,$10.99,,,,,Black Sesame Walnut Powder 360g,4.8,China
Konjac Nutrional Meal Purple Yam Flavor 28g*16Pack,https://www.yamibuy.com/en/p/wugu-mofang-konjac-nutrional-meal-purple-yam-flavor-28g-16-servings/1021061391,https://cdn.yamibuy.net/statics/libraries/yamibuy/images/lazy.svg,WUGU MOFANG,176,,$17.99,$21.99,19% OFF,,Konjac Nutrional Meal Purple Yam Flavor 28g*16Pack,4.8,China
Truffle and Wild Mushroom Porridge 35gx3,https://www.yamibuy.com/en/p/truffle-and-wild-mushroom-porridge-35gx3/1147011391,https://cdn.yamibuy.net/statics/libraries/yamibuy/images/lazy.svg,Zen Eat,1,$11.99,,,,,Truffle and Wild Mushroom Porridge 35gx3,3,Taiwan
Bun Snack Kidney Bean Paste 280g,https://www.yamibuy.com/en/p/jimei-bun-snack-kidney-bean-paste-280g/1016061161,https://cdn.yamibuy.net/statics/libraries/yamibuy/images/lazy.svg,JIMEI,109,,$3.99,$4.99,21% OFF,,Bun Snack Kidney Bean Paste 280g,4.7,China
Mixed Black Rice Congee 280g,https://www.yamibuy.com/en/p/yinlu-mixed-black-rice-congee-280g/1021010111,https://cdn.yamibuy.net/statics/libraries/yamibuy/images/lazy.svg,YINLU,165,,$2.39,$2.59,8% OFF,,Mixed Black Rice Congee 280g,4.8,China
BZS Mango Sago Cream with Pomelo 220g,https://www.yamibuy.com/en/p/bzs-mango-sago-cream-with-pomelo-200g/1147004341,https://cdn.yamibuy.net/statics/libraries/yamibuy/images/lazy.svg,BAOZHISU,223,,$3.69,$3.99,8% OFF,,BZS Mango Sago Cream with Pomelo 220g,4.5,China
Mixed EJiao Congee 300g,https://www.yamibuy.com/en/p/tongfu-porridge-mixed-ejiao-congee-300g/1021056951,https://cdn.yamibuy.net/statics/libraries/yamibuy/images/lazy.svg,TONGFU PORRIDGE,4,$2.19,,,,,Mixed EJiao Congee 300g,4.5,China
Peach Gum Gleditsia Sinensis Soup Coconut Flavor 200g,https://www.yamibuy.com/en/p/chaozhoulang-peach-gum-gleditsia-sinensis-soup-coconut-flavor-180g/1021061601,https://cdn.yamibuy.net/statics/libraries/yamibuy/images/lazy.svg,CHAOZHOULANG,111,$3.69,,,,,Peach Gum Gleditsia Sinensis Soup Coconut Flavor 200g,4.7,China
Purple Rice Juice with Coconut Milk 225g,https://www.yamibuy.com/en/p/purple-rice-juice-with-coconut-milk/1147009191,https://cdn.yamibuy.net/statics/libraries/yamibuy/images/lazy.svg,YOUHUALIANGCAO,2,$4.99,,,,,Purple Rice Juice with Coconut Milk 225g,4,China
INSTANT DESSERT COCONUT JUICE WITH BLACK GLUTINOUS RICE 225g,https://www.yamibuy.com/en/p/baozhisu-instant-dessert-coconut-juice-with-black-glutinous-rice-225g/1021062041,https://cdn.yamibuy.net/statics/libraries/yamibuy/images/lazy.svg,BAOZHISU,168,$3.69,,,,,INSTANT DESSERT COCONUT JUICE WITH BLACK GLUTINOUS RICE 225g,4.7,China
Mixed Congee 340g,https://www.yamibuy.com/en/p/agv-mixed-congee-340g/1021008551,https://cdn.yamibuy.net/statics/libraries/yamibuy/images/lazy.svg,AGV,204,$1.69,,,,,Mixed Congee 340g,4.7,Taiwan
Mixed Lotus Corn Congee 280g,https://www.yamibuy.com/en/p/yinlu-mixed-lotus-corn-congee-280g/1021010121,https://cdn.yamibuy.net/statics/libraries/yamibuy/images/lazy.svg,YINLU,87,,$2.39,$2.59,8% OFF,,Mixed Lotus Corn Congee 280g,4.8,China
Babao Rice Honey Dates Flavor 350g,https://www.yamibuy.com/en/p/qinyiwan-babao-rice-honey-dates-flavor-350g/1147000051,https://cdn.yamibuy.net/statics/libraries/yamibuy/images/lazy.svg,QINYIWAN,56,$3.99,,,,,Babao Rice Honey Dates Flavor 350g,4.9,China
BZS Coconut Juice with Multi Grain 200g  EXP:06/01/2021,https://www.yamibuy.com/en/p/bzs-coconut-juice-with-multi-grain-200g/1147004331,https://cdn.yamibuy.net/statics/libraries/yamibuy/images/lazy.svg,BAOZHISU,73,,$3.69,$3.99,8% OFF,,BZS Coconut Juice with Multi Grain 200g  EXP:06/01/2021,4.8,China
BZS Red Bean Lotus and Lily Dessert 200g,https://www.yamibuy.com/en/p/bzs-red-bean-lotus-and-lily-dessert-200g/1147004301,https://cdn.yamibuy.net/statics/libraries/yamibuy/images/lazy.svg,BAOZHISU,57,,$3.39,$3.99,16% OFF,,BZS Red Bean Lotus and Lily Dessert 200g,4.5,China
Grass Jelly 223g,https://www.yamibuy.com/en/p/grass-jelly/1147009211,https://cdn.yamibuy.net/statics/libraries/yamibuy/images/lazy.svg,YOUHUALIANGCAO,11,,$4.59,$4.99,9% OFF,,Grass Jelly 223g,4.7,China
Apple and Pear Tremella Soup 52g,https://www.yamibuy.com/en/p/apple-and-pear-tremella-soup-51g/1147007121,https://cdn.yamibuy.net/statics/libraries/yamibuy/images/lazy.svg,BUYDEEM,4,$4.99,,,,,Apple and Pear Tremella Soup 52g,4.2,China
Babao Rice Proso Millet & Purple Yam Flavor 350g,https://www.yamibuy.com/en/p/qinyiwan-babao-rice-proso-millet-purple-yam-flavor-350g/1147000071,https://cdn.yamibuy.net/statics/libraries/yamibuy/images/lazy.svg,QINYIWAN,39,,$3.49,$3.99,13% OFF,,Babao Rice Proso Millet & Purple Yam Flavor 350g,4.5,China
Sweet Precook Corn 260g,https://www.yamibuy.com/en/p/qianbaiwei-sweet-precook-corn-260g/1147004781,https://cdn.yamibuy.net/statics/libraries/yamibuy/images/lazy.svg,QIANBAIWEI,27,$1.59,,,,,Sweet Precook Corn 260g,4.7,China
Fine Stewed Beef Congee 38g,https://www.yamibuy.com/en/p/fine-stewed-beef-congee-38g/1147010671,https://cdn.yamibuy.net/statics/libraries/yamibuy/images/lazy.svg,HAIFUSHENG,4,$1.99,,,,,Fine Stewed Beef Congee 38g,5,China
Boiled Lettuce Stem 300g,https://www.yamibuy.com/en/p/spring-farm-boiled-lettuce-stem-300g/1021010551,https://cdn.yamibuy.net/statics/libraries/yamibuy/images/lazy.svg,SPRING FARM,13,$4.99,,,,,Boiled Lettuce Stem 300g,4.5,China
WUGUMOFANG Almond Red Coix Powder 600g,https://www.yamibuy.com/en/p/wugumofang-almond-red-bean-coix-powder-600g/1147000321,https://cdn.yamibuy.net/statics/libraries/yamibuy/images/lazy.svg,WUGU MOFANG,8,,$22.99,$25.99,12% OFF,,WUGUMOFANG Almond Red Coix Powder 600g,4,China
Hong Kong Olive Vegetable 450g,https://www.yamibuy.com/en/p/pengsheng-hong-kong-olive-vegetable-450g/1021010251,https://cdn.yamibuy.net/statics/libraries/yamibuy/images/lazy.svg,PENGSHENG,8,$3.99,,,,,Hong Kong Olive Vegetable 450g,4.9,China
Rice Cake 240g,https://www.yamibuy.com/en/p/jiaxian-rice-cake-210g/1147005141,https://cdn.yamibuy.net/statics/libraries/yamibuy/images/lazy.svg,JIAXIAN,19,$1.99,,,,,Rice Cake 240g,4.5,China
Crispy Cow Pea,https://www.yamibuy.com/en/p/weijute-crispy-cow-pea/1021008691,https://cdn.yamibuy.net/statics/libraries/yamibuy/images/lazy.svg,WEIJUTE,12,$1.39,,,,,Crispy Cow Pea,4.9,China
Wonton Spicy Pork bone Flavor 68g,https://www.yamibuy.com/en/p/wonton-spicy-pork-bone-flavor-68g/1147009481,https://cdn.yamibuy.net/statics/libraries/yamibuy/images/lazy.svg,gudasao,4,$4.99,,,,,Wonton Spicy Pork bone Flavor 68g,4.8,China
Wheat Core Chicken Congee 38g,https://www.yamibuy.com/en/p/wheat-core-chicken-congee-38g/1147010691,https://cdn.yamibuy.net/statics/libraries/yamibuy/images/lazy.svg,HAIFUSHENG,1,$1.99,,,,,Wheat Core Chicken Congee 38g,5,China
Coconut wheat chia seed Oatmeal 2 bags,https://www.yamibuy.com/en/p/coconut-wheat-chia-seed-oatmeal-2-bags/1147007051,https://cdn.yamibuy.net/statics/libraries/yamibuy/images/lazy.svg,BUYDEEM,7,$3.50,,,,,Coconut wheat chia seed Oatmeal 2 bags,5,China
HEALTHY RED BEANS AND BARLEY PORRIDGE 200g,https://www.yamibuy.com/en/p/baozhisu-healthy-red-beans-and-barley-porridge-200g/1021062021,https://cdn.yamibuy.net/statics/libraries/yamibuy/images/lazy.svg,BAOZHISU,5,$3.59,,,,,HEALTHY RED BEANS AND BARLEY PORRIDGE 200g,4.2,China
Green bean soup 370g,https://www.yamibuy.com/en/p/yinlu-green-bean-soup-370g/1147003621,https://cdn.yamibuy.net/statics/libraries/yamibuy/images/lazy.svg,YINLU,12,$2.39,,,,,Green bean soup 370g,4.5,China
Black Goji Grain Meal Powder 10 bags,https://www.yamibuy.com/en/p/black-goji-grain-meal-powder-10-bags/1147007021,https://cdn.yamibuy.net/statics/libraries/yamibuy/images/lazy.svg,BUYDEEM,3,$11.99,,,,,Black Goji Grain Meal Powder 10 bags,4.3,China
【Frozen】PMO Spicy Topokki,https://www.yamibuy.com/en/p/pmo-spicy-topokki/1147010731,https://cdn.yamibuy.net/statics/libraries/yamibuy/images/lazy.svg,PMO,1,$6.99,,,,,【Frozen】PMO Spicy Topokki,5,Korea
HEALTHY BLACK SESAME PORRIDGE 200g,https://www.yamibuy.com/en/p/baozhisu-healthy-black-sesame-porridge-200g/1021062011,https://cdn.yamibuy.net/statics/libraries/yamibuy/images/lazy.svg,BAOZHISU,4,$3.59,,,,,HEALTHY BLACK SESAME PORRIDGE 200g,4,China
Mixed Barley Red Bean Congee 280g,https://www.yamibuy.com/en/p/yinlu-mixed-barley-red-bean-congee-280g/1021010131,https://cdn.yamibuy.net/statics/libraries/yamibuy/images/lazy.svg,YINLU,59,,$2.39,$2.59,8% OFF,,Mixed Barley Red Bean Congee 280g,4.8,China
Sea Food congee with Quinoa 2 bags,https://www.yamibuy.com/en/p/sea-food-congee-with-quinoa-2-bags/1147007031,https://cdn.yamibuy.net/statics/libraries/yamibuy/images/lazy.svg,BUYDEEM,1,$6.59,,,,,Sea Food congee with Quinoa 2 bags,5,China
Fruit Cocktail In Syrup  565g,https://www.yamibuy.com/en/p/khamphouk-fruit-cocktail-in-syrup-565g/1021057301,https://cdn.yamibuy.net/statics/libraries/yamibuy/images/lazy.svg,KHAMPHOUK,3,$1.89,,,,,Fruit Cocktail In Syrup  565g,3.7,Thailand
TONGFU Longan Lotus Seed Porridge With Brown Suger 430g,https://www.yamibuy.com/en/p/tongfu-longan-lotus-seed-porridge-with-brown-suger-430g/1147003961,https://cdn.yamibuy.net/statics/libraries/yamibuy/images/lazy.svg,TONGFU PORRIDGE,4,$2.19,,,,,TONGFU Longan Lotus Seed Porridge With Brown Suger 430g,5,China
Spicy Termitomyces 100g,https://www.yamibuy.com/en/p/zhenleyi-spicy-termitomyces-100g/1021063571,https://cdn.yamibuy.net/statics/libraries/yamibuy/images/lazy.svg,ZHENLEYI,2,$3.19,,,,,Spicy Termitomyces 100g,4,China
WUFANGZHA Glutinous Porridge   3 flavors 6 cups in each pack,https://www.yamibuy.com/en/p/wufangzha-glutinous-porridge-3-flavors-6-cups-in-each-pack/1147005011,https://cdn.yamibuy.net/statics/libraries/yamibuy/images/lazy.svg,wufangzhai,39,$23.99,,,,,WUFANGZHA Glutinous Porridge   3 flavors 6 cups in each pack,4.7,China
Mung Bean Adlay Dessert Soup 340g,https://www.yamibuy.com/en/p/agv-mung-bean-adlay-dessert-soup-340g/1021056401,https://cdn.yamibuy.net/statics/libraries/yamibuy/images/lazy.svg,AGV,1,$1.69,,,,,Mung Bean Adlay Dessert Soup 340g,5,Taiwan
Brown Rice Porridge with Taro & Sakura Shrimps 6pcs,https://www.yamibuy.com/en/p/health-style-brown-rice-porridge-with-taro-amp-sakura-shrimps-6pcs/1020002731,https://cdn.yamibuy.net/statics/libraries/yamibuy/images/lazy.svg,HEALTH STYLE,6,$7.89,,,,,Brown Rice Porridge with Taro & Sakura Shrimps 6pcs,2.5,Taiwan
Mixed Congee in Syrup 380g,https://www.yamibuy.com/en/p/wuchung-mixed-congee-in-syrup-380g/1021008661,https://cdn.yamibuy.net/statics/libraries/yamibuy/images/lazy.svg,WUCHUNG,52,$1.49,,,,,Mixed Congee in Syrup 380g,4.5,Taiwan
Cold Rice Jelly(brown sugar flavor) 240g,https://www.yamibuy.com/en/p/cold-rice-jelly-brown-sugar-flavor-240g/1147005461,https://cdn.yamibuy.net/statics/libraries/yamibuy/images/lazy.svg,OTHER BRANDS,40,$1.69,,,,,Cold Rice Jelly(brown sugar flavor) 240g,4.5,N/A
Cooked Marinated Egg 6pc,https://www.yamibuy.com/en/p/lam-sheng-kee-cooked-marinated-egg-6pc/1021010101,https://cdn.yamibuy.net/statics/libraries/yamibuy/images/lazy.svg,LAM SHENG KEE,52,$3.99,,,,,Cooked Marinated Egg 6pc,3.9,Taiwan
Crisp Bamboo Shoots with Picked Cabbage 280g,https://www.yamibuy.com/en/p/new-health-crisp-bamboo-shoots-with-picked-cabbage-280g/1021034491,https://cdn.yamibuy.net/statics/libraries/yamibuy/images/lazy.svg,NEW HEALTH,20,$3.99,,,,,Crisp Bamboo Shoots with Picked Cabbage 280g,4.2,China
,,,,,,,,,,,,
,,,,,,,,,,,,
,,,,,,,,,,,,
ONETENG Freeze Dried Fermented Rice Papaya White Fungus Soup 90g,https://www.yamibuy.com/en/p/oneteng-freeze-dried-fermented-rice-papaya-white-fungus-soup-90g/1147003881,https://cdn.yamibuy.net/item/4bc61dfebf515ce24484a67d76dd0394_684x684.webp,SUNGIVEN FOODS,16,$6.49,,,,,ONETENG Freeze Dried Fermented Rice Papaya White Fungus Soup 90g,4.6,China
Peach Gum Gleditsia Sinensis Soup Natural Flavor 200g,https://www.yamibuy.com/en/p/chaozhoulang-peach-gum-gleditsia-sinensis-soup-natural-flavor-180g/1021061591,https://cdn.yamibuy.net/item/7491e1f916450bc031b1e4548b990c27_684x684.webp,CHAOZHOULANG,117,$3.69,,,,,Peach Gum Gleditsia Sinensis Soup Natural Flavor 200g,4.8,China
INSTANT DESSERT COCONUT MILK TARO & BLACK RICE PASTE 225g,https://www.yamibuy.com/en/p/baozhisu-instant-dessert-coconut-milk-taro-black-rice-paste-225g/1021062051,https://cdn.yamibuy.net/item/3c3b26421165cbf0bb7a121b29168dc4_684x684.webp,BAOZHISU,6,$3.99,,,,,INSTANT DESSERT COCONUT MILK TARO & BLACK RICE PASTE 225g,4.2,China
SHUANG QIAN Longan And Lotus Seed Mixed Congee 360g,https://www.yamibuy.com/en/p/shuang-qian-longan-and-lotus-seed-mixed-congee-360g/1021009481,https://cdn.yamibuy.net/item/6d215bea8743954a09df1a72cbffa1fb_684x684.webp,COINS,28,$1.79,,,,,SHUANG QIAN Longan And Lotus Seed Mixed Congee 360g,4.7,China
Grandma Sweet Canned Poplar Honeydew 300g,https://www.yamibuy.com/en/p/three-squirrels-grandma-sweet-canned-poplar-honeydew-300g/1147003341,https://cdn.yamibuy.net/statics/libraries/yamibuy/images/lazy.svg,THREE SQUIRRELS,32,,$5.99,$6.99,15% OFF,,Grandma Sweet Canned Poplar Honeydew 300g,3.9,China
Glutinous rice cake 300g,https://www.yamibuy.com/en/p/yumei-glutinous-rice-cake-300g/1021041161,https://cdn.yamibuy.net/statics/libraries/yamibuy/images/lazy.svg,YUMEI,31,$2.99,,,,,Glutinous rice cake 300g,4.5,China
Black Sesame Instant,https://www.yamibuy.com/en/p/black-sesame-instant/1020055821,https://cdn.yamibuy.net/statics/libraries/yamibuy/images/lazy.svg,Healthy & Funny,2,,$27.99,$29.99,7% OFF,,Black Sesame Instant,5,China
WANG Canned Kimchi 160g,https://www.yamibuy.com/en/p/wang-canned-kimchi-160g/1021008851,https://cdn.yamibuy.net/statics/libraries/yamibuy/images/lazy.svg,WANG FOOD,38,$2.29,,,,,WANG Canned Kimchi 160g,3.9,Korea
Cooked Marinated Tea Egg 6pcs,https://www.yamibuy.com/en/p/lam-sheng-kee-cooked-marinated-tea-egg-6pcs/1021009661,https://cdn.yamibuy.net/statics/libraries/yamibuy/images/lazy.svg,LAM SHENG KEE,40,$3.99,,,,,Cooked Marinated Tea Egg 6pcs,4,Taiwan
Wonton Shrimp Flavor 68g,https://www.yamibuy.com/en/p/wonton-shrimp-flavor-68g/1147009471,https://cdn.yamibuy.net/statics/libraries/yamibuy/images/lazy.svg,gudasao,1,$4.99,,,,,Wonton Shrimp Flavor 68g,5,China
Black Tapioca Pearl 250g X CHA TRA MUE Thai Tea Mix Powder 400g,https://www.yamibuy.com/en/p/wufuyuan-black-tapioca-pearl-250g-x-cha-tra-mue-thai-tea-mix-powder-400g/1147004221,https://cdn.yamibuy.net/statics/libraries/yamibuy/images/lazy.svg,WuFuYuan,9,,$6.99,$7.49,7% OFF,,Black Tapioca Pearl 250g X CHA TRA MUE Thai Tea Mix Powder 400g,5,Taiwan
Traditional Pearl Sago In Syrup Neo Neo Pearls 260g,https://www.yamibuy.com/en/p/agv-traditional-pearl-sago-in-syrup-neo-neo-pearls-260g/1021010161,https://cdn.yamibuy.net/statics/libraries/yamibuy/images/lazy.svg,AGV,23,$1.59,,,,,Traditional Pearl Sago In Syrup Neo Neo Pearls 260g,3.7,Taiwan
Red Bean Dessert 250g,https://www.yamibuy.com/en/p/red-bean-dessert-250g/1147010961,https://cdn.yamibuy.net/statics/libraries/yamibuy/images/lazy.svg,SHUNNAN,,$3.69,,,,,Red Bean Dessert 250g,,China
PENGUIN Yellow Peach In Can 400g,https://www.yamibuy.com/en/p/penguin-yellow-peach-in-can-400g/1147002471,https://cdn.yamibuy.net/statics/libraries/yamibuy/images/lazy.svg,PENGUIN'S,2,$2.99,,,,,PENGUIN Yellow Peach In Can 400g,5,Japan
Mangosteen In Syrup 567g,https://www.yamibuy.com/en/p/khamphouk-mangosteen-in-syrup-567g/1021057311,https://cdn.yamibuy.net/statics/libraries/yamibuy/images/lazy.svg,KHAMPHOUK,11,$3.39,,,,,Mangosteen In Syrup 567g,4.7,Thailand
LULU Pickled Cabbage 500g,https://www.yamibuy.com/en/p/lulu-pickled-cabbage-500g/1021025751,https://cdn.yamibuy.net/statics/libraries/yamibuy/images/lazy.svg,LULUFOOD,6,$2.29,,,,,LULU Pickled Cabbage 500g,4.7,China
Sticky Rice Sweet Flavor 538g,https://www.yamibuy.com/en/p/sticky-rice-sweet-flavor-538g/1147005101,https://cdn.yamibuy.net/statics/libraries/yamibuy/images/lazy.svg,NANGUO,11,,$9.59,$9.99,5% OFF,,Sticky Rice Sweet Flavor 538g,4.1,China
PENGUIN Yellow Peach Slices 400g,https://www.yamibuy.com/en/p/penguin-yellow-peach-slices-400g/1147002461,https://cdn.yamibuy.net/statics/libraries/yamibuy/images/lazy.svg,PENGUIN'S,8,$2.99,,,,,PENGUIN Yellow Peach Slices 400g,4.8,Japan
Black Sesame Paste with Nuts 215g,https://www.yamibuy.com/en/p/black-sesame-paste-with-nuts/1020052891,https://cdn.yamibuy.net/statics/libraries/yamibuy/images/lazy.svg,YOUHUALIANGCAO,2,,$4.59,$4.99,9% OFF,,Black Sesame Paste with Nuts 215g,5,China
Instant Tofu Jelly 45g,https://www.yamibuy.com/en/p/bestore-instant-tofu-jelly-45g/1021063711,https://cdn.yamibuy.net/statics/libraries/yamibuy/images/lazy.svg,BESTORE,,$1.99,,,,,Instant Tofu Jelly 45g,,China
MANGO PULP WITH SWEETENED SAGO CREAM 200g,https://www.yamibuy.com/en/p/baozhisu-mango-pulp-with-sweetened-sago-cream-200g/1021061991,https://cdn.yamibuy.net/statics/libraries/yamibuy/images/lazy.svg,BAOZHISU,10,$2.99,,,,,MANGO PULP WITH SWEETENED SAGO CREAM 200g,3.1,China
Chinese Mixed Porridge 310ml,https://www.yamibuy.com/en/p/ve-wong-chinese-mixed-porridge-310ml/1021053951,https://cdn.yamibuy.net/statics/libraries/yamibuy/images/lazy.svg,VE WONG,8,$1.19,,,,,Chinese Mixed Porridge 310ml,4,Taiwan
Pickled Pepper Flavor Bamboo Shoot 188g,https://www.yamibuy.com/en/p/bestore-pickled-pepper-flavor-bamboo-shoot-188g/1021063721,https://cdn.yamibuy.net/statics/libraries/yamibuy/images/lazy.svg,BESTORE,1,$5.09,,,,,Pickled Pepper Flavor Bamboo Shoot 188g,5,China
Rice Porridge 300g,https://www.yamibuy.com/en/p/totole-meilichufang-rice-porridge-300g-pouch/1021036871,https://cdn.yamibuy.net/statics/libraries/yamibuy/images/lazy.svg,TOTOLE,103,$1.49,,,,,Rice Porridge 300g,5,China
Flavored Preserved Mushrooms Spicy Flavor 210g,https://www.yamibuy.com/en/p/mixed-mushrooms-spicy-flavor-210g/1021033451,https://cdn.yamibuy.net/statics/libraries/yamibuy/images/lazy.svg,DANSHAN,4,$4.99,,,,,Flavored Preserved Mushrooms Spicy Flavor 210g,5,China
Pickled Cowpea 500g,https://www.yamibuy.com/en/p/hopen-pickled-cowpea-500g/1021063811,https://cdn.yamibuy.net/statics/libraries/yamibuy/images/lazy.svg,Hopen,4,$2.49,,,,,Pickled Cowpea 500g,3.5,China
Tropical Classic Tapioca Pearl Pudding with Red Bean 230g,https://www.yamibuy.com/en/p/tropical-classic-tapioca-pearl-pudding-with-red-bean-230g/1147008021,https://cdn.yamibuy.net/statics/libraries/yamibuy/images/lazy.svg,TAS,3,$2.89,,,,,Tropical Classic Tapioca Pearl Pudding with Red Bean 230g,5,China
Purple Potato Instant Oatmeal (Powder) 500g,https://www.yamibuy.com/en/p/healthy-funny-purple-potato-instant-oatmeal-powder-500g/1021062741,https://cdn.yamibuy.net/statics/libraries/yamibuy/images/lazy.svg,Healthy & Funny,51,$24.99,,,,,Purple Potato Instant Oatmeal (Powder) 500g,4.6,China
TONGFU Lotus Seed Corn Porridge 280g,https://www.yamibuy.com/en/p/tongfu-lotus-seed-corn-porridge-280g/1147003931,https://cdn.yamibuy.net/statics/libraries/yamibuy/images/lazy.svg,TONGFU PORRIDGE,4,$1.99,,,,,TONGFU Lotus Seed Corn Porridge 280g,5,China
WFZ Brown Sugar Rice Porridge 350g,https://www.yamibuy.com/en/p/wfz-brown-sugar-rice-porridge-350g/1021058061,https://cdn.yamibuy.net/statics/libraries/yamibuy/images/lazy.svg,wufangzhai,1,$2.29,,,,,WFZ Brown Sugar Rice Porridge 350g,5,China
Brown Rice Porridge with Assorted Vegetables 6pcs,https://www.yamibuy.com/en/p/health-style-brown-rice-porridge-with-assorted-vegetables-6pcs/1020002721,https://cdn.yamibuy.net/statics/libraries/yamibuy/images/lazy.svg,HEALTH STYLE,4,$7.89,,,,,Brown Rice Porridge with Assorted Vegetables 6pcs,2,Taiwan
Black Rice Porridge With Sugar 300g,https://www.yamibuy.com/en/p/totole-meilichufang-sugar-black-rice-porridge-300g-pouch/1021049801,https://cdn.yamibuy.net/statics/libraries/yamibuy/images/lazy.svg,TOTOLE,94,,$1.99,$2.19,10% OFF,,Black Rice Porridge With Sugar 300g,4.9,China
WUGUMOFANG Nutritional Black Sesame Chinese Yam Oatmeal Yi Yuan Ba Zhen Powder 448g,https://www.yamibuy.com/en/p/wugumofang-nutritional-black-sesame-cereal-yi-yuan-ba-zhen-powder-448g/1147001451,https://cdn.yamibuy.net/statics/libraries/yamibuy/images/lazy.svg,WUGU MOFANG,36,$18.99,,,,,WUGUMOFANG Nutritional Black Sesame Chinese Yam Oatmeal Yi Yuan Ba Zhen Powder 448g,4.7,China
BZS BK Sesame and Walnut Dessert  200g,https://www.yamibuy.com/en/p/bzs-bk-sesame-and-walnut-desert-200g/1147004321,https://cdn.yamibuy.net/statics/libraries/yamibuy/images/lazy.svg,BAOZHISU,55,,$3.69,$3.99,8% OFF,,BZS BK Sesame and Walnut Dessert  200g,4.4,China
Coconut Taro Sweet soup 128g,https://www.yamibuy.com/en/p/coconut-taro-sweet-soup-128g/1147007091,https://cdn.yamibuy.net/statics/libraries/yamibuy/images/lazy.svg,BUYDEEM,8,$5.13,,,,,Coconut Taro Sweet soup 128g,4.8,China
Sweet Precook Corn 260g,https://www.yamibuy.com/en/p/qianbaiwei-sweet-precook-corn-260g/1147004801,https://cdn.yamibuy.net/statics/libraries/yamibuy/images/lazy.svg,QIANBAIWEI,35,$1.59,,,,,Sweet Precook Corn 260g,4.9,China
Mixed Rice Congee 340g,https://www.yamibuy.com/en/p/chinchin-mixed-rice-congee-370g/1021021481,https://cdn.yamibuy.net/statics/libraries/yamibuy/images/lazy.svg,CHINCHIN,50,,$1.29,$1.89,32% OFF,,Mixed Rice Congee 340g,4.5,Taiwan
BZS White Fungus and Lotus Dessert 200g,https://www.yamibuy.com/en/p/bzs-white-fungus-and-lotus-dessert-200g/1147004311,https://cdn.yamibuy.net/statics/libraries/yamibuy/images/lazy.svg,BAOZHISU,33,,$3.39,$3.99,16% OFF,,BZS White Fungus and Lotus Dessert 200g,4.5,China
"Mixed Congee Brown Sugar, 6Pcs",https://www.yamibuy.com/en/p/mixed-congee-black-sugar-6pcs/1147008431,https://cdn.yamibuy.net/statics/libraries/yamibuy/images/lazy.svg,TAISUN,10,,$6.59,,,,"Mixed Congee Brown Sugar, 6Pcs",4.9,Taiwan
Glutinous rice cake 300g,https://www.yamibuy.com/en/p/yumei-glutinous-rice-cake-300g/1021041151,https://cdn.yamibuy.net/statics/libraries/yamibuy/images/lazy.svg,YUMEI,32,$2.79,,,,,Glutinous rice cake 300g,4.6,China
Grandma Sweet Yogurt Yellow Peach Sago 300g,https://www.yamibuy.com/en/p/three-squirrels-grandma-sweet-yogurt-yellow-peach-sago-300g/1147003351,https://cdn.yamibuy.net/statics/libraries/yamibuy/images/lazy.svg,THREE SQUIRRELS,17,,$5.99,$6.99,15% OFF,,Grandma Sweet Yogurt Yellow Peach Sago 300g,4.4,China
Spicy Mixed Vegetable,https://www.yamibuy.com/en/p/weijute-spicy-mixed-vegetable/1021008671,https://cdn.yamibuy.net/statics/libraries/yamibuy/images/lazy.svg,WEIJUTE,12,$1.39,,,,,Spicy Mixed Vegetable,4.8,China
Tropical Classic Tapioca Pearl Pudding with Taro 230g,https://www.yamibuy.com/en/p/tropical-classic-tapioca-pearl-pudding-with-taro-230g/1147008031,https://cdn.yamibuy.net/statics/libraries/yamibuy/images/lazy.svg,TAS,3,$2.89,,,,,Tropical Classic Tapioca Pearl Pudding with Taro 230g,4.7,China
Fresh Dried White Fungus Flavor Soup 200g,https://www.yamibuy.com/en/p/fresh-dried-white-fungus-flavor-soup/1147009501,https://cdn.yamibuy.net/statics/libraries/yamibuy/images/lazy.svg,XIDUODUO,7,$5.79,,,,,Fresh Dried White Fungus Flavor Soup 200g,4.7,China
Wonton Original Pork Bone Flavor 68g,https://www.yamibuy.com/en/p/wonton-original-pork-bone-flavor-68g/1147009491,https://cdn.yamibuy.net/statics/libraries/yamibuy/images/lazy.svg,gudasao,4,$4.99,,,,,Wonton Original Pork Bone Flavor 68g,4.2,China
Pork Ribs and Mushroom Congee 38g,https://www.yamibuy.com/en/p/pork-ribs-and-mushroom-congee-38g/1147010681,https://cdn.yamibuy.net/statics/libraries/yamibuy/images/lazy.svg,HAIFUSHENG,4,$1.99,,,,,Pork Ribs and Mushroom Congee 38g,5,China
MANGO WITH BLACK RICE DESSERT 220g,https://www.yamibuy.com/en/p/baozhisu-mango-with-black-rice-dessert-220g/1021062001,https://cdn.yamibuy.net/statics/libraries/yamibuy/images/lazy.svg,BAOZHISU,6,$5.29,,,,,MANGO WITH BLACK RICE DESSERT 220g,2.8,China
Flammulina BBQ flavor 188g,https://www.yamibuy.com/en/p/bestore-flammulina-bbq-flavor-188g/1021063771,https://cdn.yamibuy.net/statics/libraries/yamibuy/images/lazy.svg,BESTORE,11,$5.09,,,,,Flammulina BBQ flavor 188g,4.8,China
,,,,,,,,,,,,
,,,,,,,,,,,,
,,,,,,,,,,,,
MANGO WITH BLACK RICE DESSERT 220g,https://www.yamibuy.com/en/p/baozhisu-mango-with-black-rice-dessert-220g/1021062001,https://cdn.yamibuy.net/item/22d73e305b5533ad408f11a8a1334f91_684x684.webp,BAOZHISU,6,$5.29,,,,,MANGO WITH BLACK RICE DESSERT 220g,2.8,China
Flammulina BBQ flavor 188g,https://www.yamibuy.com/en/p/bestore-flammulina-bbq-flavor-188g/1021063771,https://cdn.yamibuy.net/item/969a4cced6991c86b48a0cac98cfd7e0_684x684.webp,BESTORE,11,$5.09,,,,,Flammulina BBQ flavor 188g,4.8,China
Mashed Red Bean Paste 500g,https://www.yamibuy.com/en/p/mashed-red-bean-paste-500g/1147008451,https://cdn.yamibuy.net/item/1b92c9298ded42a6af55ef1b9550d250_684x684.webp,IMURAYA,7,$6.99,,,,,Mashed Red Bean Paste 500g,5,Japan
ONETENG Freeze Dried Brown Sugar Longan Ginger White Fungus Soup 90g,https://www.yamibuy.com/en/p/oneteng-freeze-dried-brown-sugar-longan-ginger-white-fungus-soup-90g/1147003891,https://cdn.yamibuy.net/item/b7e5cefbda9b5bdee2453356e1a74d81_684x684.webp,SUNGIVEN FOODS,11,$6.49,,,,,ONETENG Freeze Dried Brown Sugar Longan Ginger White Fungus Soup 90g,4.8,China
Dried scallops Congree with Quinoa and Corn 2 bags,https://www.yamibuy.com/en/p/dried-scallops-congree-with-quinoa-and-corn-2-bags/1147007041,https://cdn.yamibuy.net/statics/libraries/yamibuy/images/lazy.svg,BUYDEEM,7,$4.99,,,,,Dried scallops Congree with Quinoa and Corn 2 bags,4.9,China
Smooth Red Bean Paste 500g,https://www.yamibuy.com/en/p/smooth-red-bean-paste-500g/1147008461,https://cdn.yamibuy.net/statics/libraries/yamibuy/images/lazy.svg,IMURAYA,1,$6.99,,,,,Smooth Red Bean Paste 500g,2,Japan
TONGFU Red Bean And Black Rice Porridge With Brown Suger 430g,https://www.yamibuy.com/en/p/tongfu-red-bean-and-black-rice-porridge-with-brown-suger-430g/1147003971,https://cdn.yamibuy.net/statics/libraries/yamibuy/images/lazy.svg,TONGFU PORRIDGE,8,$2.19,,,,,TONGFU Red Bean And Black Rice Porridge With Brown Suger 430g,4.9,China
WUGUMOFANG Gift Set Red Bean Coix and Cereal Meal + Collagen Oatmeal 1000g,https://www.yamibuy.com/en/p/wugumofang-gift-set-red-bean-coix-and-cereal-meal-collagen-oatmeal-1000g/1147000261,https://cdn.yamibuy.net/statics/libraries/yamibuy/images/lazy.svg,WUGU MOFANG,2,,$69.99,$79.99,13% OFF,,WUGUMOFANG Gift Set Red Bean Coix and Cereal Meal + Collagen Oatmeal 1000g,4,China
Pickled peppers mushroom 50g,https://www.yamibuy.com/en/p/pickled-peppers-mushroom-50g/1147007881,https://cdn.yamibuy.net/statics/libraries/yamibuy/images/lazy.svg,HEXIN,5,$1.59,,,,,Pickled peppers mushroom 50g,4.6,China
Spicy wild Mushroom 16g*20,https://www.yamibuy.com/en/p/spicy-wild-mushroom-16g/1147007901,https://cdn.yamibuy.net/statics/libraries/yamibuy/images/lazy.svg,HEXIN,7,$7.99,,,,,Spicy wild Mushroom 16g*20,4.9,China
Tropical Classic Tapioca Pearl Pudding with Corn 230g,https://www.yamibuy.com/en/p/tropical-classic-tapioca-pearl-pudding-with-corn-230g/1147008041,https://cdn.yamibuy.net/statics/libraries/yamibuy/images/lazy.svg,TAS,4,$2.89,,,,,Tropical Classic Tapioca Pearl Pudding with Corn 230g,5,China
Shimmering Black Gold Herbal Grass Jelly Dessert 255g,https://www.yamibuy.com/en/p/shimmering-black-gold-herbal-grass-jelly-dessert-255g/1147007601,https://cdn.yamibuy.net/statics/libraries/yamibuy/images/lazy.svg,OTHER BRANDS,2,,$2.29,$2.99,24% OFF,,Shimmering Black Gold Herbal Grass Jelly Dessert 255g,5,N/A
Brown Rice Porridge with Bamboo Shoot 6pcs,https://www.yamibuy.com/en/p/health-style-brown-rice-porridge-with-bamboo-shoot-6pcs/1020002741,https://cdn.yamibuy.net/statics/libraries/yamibuy/images/lazy.svg,HEALTH STYLE,11,$7.89,,,,,Brown Rice Porridge with Bamboo Shoot 6pcs,2.5,Taiwan
Instant Jellyfish Hot&Spicy Flavor 150g,https://www.yamibuy.com/en/p/asian-taste-instant-jellyfish-hot-spicy-flavor-150g/1021026961,https://cdn.yamibuy.net/statics/libraries/yamibuy/images/lazy.svg,ASIAN TASTE,3,$2.49,,,,,Instant Jellyfish Hot&Spicy Flavor 150g,4.7,Taiwan
Instant Red Bean Porridge 300g,https://www.yamibuy.com/en/p/tongfu-porridge-instant-red-bean-porridge-300g/1021057021,https://cdn.yamibuy.net/statics/libraries/yamibuy/images/lazy.svg,TONGFU PORRIDGE,2,$1.49,,,,,Instant Red Bean Porridge 300g,3,China
Purple Potato Purple Rice Congee 280g,https://www.yamibuy.com/en/p/yinlu-purple-potato-purple-rice-congee-280g/1021010731,https://cdn.yamibuy.net/statics/libraries/yamibuy/images/lazy.svg,YINLU,134,,$2.39,$2.59,8% OFF,,Purple Potato Purple Rice Congee 280g,4.6,China
Lychee Whole  567g,https://www.yamibuy.com/en/p/wong-pai-lychee-whole-567g/1148003171,https://cdn.yamibuy.net/statics/libraries/yamibuy/images/lazy.svg,WONG PAI,4,$3.49,,,,,Lychee Whole  567g,4.8,China
Ice Cake  188g,https://www.yamibuy.com/en/p/yuanxian-ice-cake-188g/1016067271,https://cdn.yamibuy.net/statics/libraries/yamibuy/images/lazy.svg,YUANXIAN,108,$1.59,,,,,Ice Cake  188g,4.1,China
YANGSHENG Preserved Duck Eggs 6pc,https://www.yamibuy.com/en/p/yangsheng-preserved-duck-eggs-6pc/1021009761,https://cdn.yamibuy.net/statics/libraries/yamibuy/images/lazy.svg,LAM SHENG KEE,84,,$3.79,$3.99,6% OFF,,YANGSHENG Preserved Duck Eggs 6pc,4.5,Taiwan
Red Bean and Lotus Seeds stew with Tangerine Peels 225g,https://www.yamibuy.com/en/p/red-bean-and-lotus-seeds-stew-with-tangerine-peels/1147009201,https://cdn.yamibuy.net/statics/libraries/yamibuy/images/lazy.svg,YOUHUALIANGCAO,1,$4.99,,,,,Red Bean and Lotus Seeds stew with Tangerine Peels 225g,5,China
Chinese Yam and Yamabushitake Cereal 600g,https://www.yamibuy.com/en/p/wugumofang-chinese-yam-and-yamabushitake-cereal-600g/1147000271,https://cdn.yamibuy.net/statics/libraries/yamibuy/images/lazy.svg,WUGU MOFANG,46,,$16.99,$18.99,11% OFF,,Chinese Yam and Yamabushitake Cereal 600g,4.7,China
Red Date Tremella Goji Sweet Soup128g 8 Packets,https://www.yamibuy.com/en/p/haifusheng-red-date-tremella-goji-sweet-soup128g-8-packets/1147001441,https://cdn.yamibuy.net/statics/libraries/yamibuy/images/lazy.svg,HAIFUSHENG,26,$10.99,,,,,Red Date Tremella Goji Sweet Soup128g 8 Packets,4.3,China
OATMEAL WITH CHESTNUT 330g,https://www.yamibuy.com/en/p/taisun-oatmeal-with-chestnut-330g/1021039381,https://cdn.yamibuy.net/statics/libraries/yamibuy/images/lazy.svg,TAISUN,12,$1.49,,,,,OATMEAL WITH CHESTNUT 330g,4.2,Taiwan
Yam Coix Seed and Gorgon Fruit Powder 600g,https://www.yamibuy.com/en/p/healthy-funny-yam-coix-seed-and-gorgon-fruit-powder-600g/1021062751,https://cdn.yamibuy.net/statics/libraries/yamibuy/images/lazy.svg,Healthy & Funny,27,$29.99,,,,,Yam Coix Seed and Gorgon Fruit Powder 600g,4.6,China
Black Rice Congee 320g,https://www.yamibuy.com/en/p/chinchin-black-rice-congee-320g/1021021491,https://cdn.yamibuy.net/statics/libraries/yamibuy/images/lazy.svg,CHINCHIN,38,,$1.29,$1.89,32% OFF,,Black Rice Congee 320g,4.4,Taiwan
Boiled Lotus Roots 300g,https://www.yamibuy.com/en/p/spring-farm-boiled-lotus-roots-300g/1021010571,https://cdn.yamibuy.net/statics/libraries/yamibuy/images/lazy.svg,SPRING FARM,24,,$2.69,$2.99,11% OFF,,Boiled Lotus Roots 300g,4.9,China
Spicy Wakame 160g,https://www.yamibuy.com/en/p/bestore-spicy-wakame-160g/1021063761,https://cdn.yamibuy.net/statics/libraries/yamibuy/images/lazy.svg,BESTORE,23,$3.29,,,,,Spicy Wakame 160g,4.2,China
Sweet Precook Corn 260g,https://www.yamibuy.com/en/p/qianbaiwei-sweet-precook-corn-260g/1147004791,https://cdn.yamibuy.net/statics/libraries/yamibuy/images/lazy.svg,QIANBAIWEI,28,$1.59,,,,,Sweet Precook Corn 260g,4.4,China
Fish Flavor Pickles 306g,https://www.yamibuy.com/en/p/ji-xiang-ju-fish-flavor-pickles-306g/1021047721,https://cdn.yamibuy.net/statics/libraries/yamibuy/images/lazy.svg,JI XIANG JU,25,$3.99,,,,,Fish Flavor Pickles 306g,4.8,China
Fresh Waxberry Bottle 425g,https://www.yamibuy.com/en/p/fresh-waxberry-bottle-425g/1147008251,https://cdn.yamibuy.net/statics/libraries/yamibuy/images/lazy.svg,LJPZ,6,,$2.19,$2.29,5% OFF,,Fresh Waxberry Bottle 425g,4.5,China
Canned Eight Treasure Porridge (Longan&Lothus Seed) 360g,https://www.yamibuy.com/en/p/yinlu-canned-eight-treasure-porridge-longan-lothus-seed-360g/1147003721,https://cdn.yamibuy.net/statics/libraries/yamibuy/images/lazy.svg,YINLU,13,$2.39,,,,,Canned Eight Treasure Porridge (Longan&Lothus Seed) 360g,4.8,China
Pickled Pepper and Seaweed 60g,https://www.yamibuy.com/en/p/weijute-pickled-pepper-and-seaweed-60g/1021008701,https://cdn.yamibuy.net/statics/libraries/yamibuy/images/lazy.svg,WEIJUTE,29,$0.59,,,,,Pickled Pepper and Seaweed 60g,4.6,China
Dried Radish Leaves With Soybean Paste Rice Porridge 285g,https://www.yamibuy.com/en/p/ottogi-dried-radish-leaves-soybean-paste-rice-porridge-285g/1021063861,https://cdn.yamibuy.net/statics/libraries/yamibuy/images/lazy.svg,OTTOGI,21,$3.99,,,,,Dried Radish Leaves With Soybean Paste Rice Porridge 285g,4.4,Korea
Korean Kimchi Fried Kimchi 100g,https://www.yamibuy.com/en/p/chunyu-palace-korean-kimchi-fried-kimchi-100g/1021036081,https://cdn.yamibuy.net/statics/libraries/yamibuy/images/lazy.svg,CHUNYU PALACE,20,$1.19,,,,,Korean Kimchi Fried Kimchi 100g,4.7,China
Instant Herbal Cereal Original 6Pcs,https://www.yamibuy.com/en/p/jzjt-instant-herbal-cereal-original-6pcs/1021028621,https://cdn.yamibuy.net/statics/libraries/yamibuy/images/lazy.svg,JZJT,153,,$14.99,$15.99,7% OFF,,Instant Herbal Cereal Original 6Pcs,4.7,China
Glutinous rice cake 300g,https://www.yamibuy.com/en/p/yumei-glutinous-rice-cake-300g/1021041141,https://cdn.yamibuy.net/statics/libraries/yamibuy/images/lazy.svg,YUMEI,20,$2.99,,,,,Glutinous rice cake 300g,4.2,China
"Quick Braised Tremella Soup, Fresh Stew Brewing Combo, Individual Sugar Packets, Individual Bags 78g",https://www.yamibuy.com/en/p/quick-braised-tremella-soup-fresh-stew-brewing-combo-individual-sugar-packets-individual-bags-78g/1147008391,https://cdn.yamibuy.net/statics/libraries/yamibuy/images/lazy.svg,MR FANG'S STORE,11,$10.99,,,,,"Quick Braised Tremella Soup, Fresh Stew Brewing Combo, Individual Sugar Packets, Individual Bags 78g",4.8,China
WUGUMOFANG Probiotics Red Been & Coix Seed Meal Coconut Flavor 400g,https://www.yamibuy.com/en/p/wugumofang-probiotics-red-been-coix-seed-meal-coconut-flavor-400g/1147000251,https://cdn.yamibuy.net/statics/libraries/yamibuy/images/lazy.svg,WUGU MOFANG,8,,$22.99,$24.99,9% OFF,,WUGUMOFANG Probiotics Red Been & Coix Seed Meal Coconut Flavor 400g,4.8,China
JIXIANGJU Spicy Pickled Vegetables 66g,https://www.yamibuy.com/en/p/jixiangju-spicy-pickled-vegetables-66g/1021010451,https://cdn.yamibuy.net/statics/libraries/yamibuy/images/lazy.svg,JI XIANG JU,18,$0.79,,,,,JIXIANGJU Spicy Pickled Vegetables 66g,4.3,China
Coconut Milk Oat Congee 280g,https://www.yamibuy.com/en/p/yinlu-coconut-milk-oat-congee-280g/1021010741,https://cdn.yamibuy.net/statics/libraries/yamibuy/images/lazy.svg,YINLU,142,,$2.39,$2.59,8% OFF,,Coconut Milk Oat Congee 280g,4.7,China
Canned In Syrup (Mixed Fruit) 680g,https://www.yamibuy.com/en/p/qianbaiwei-canned-in-syrup-mixed-fruit-680g/1147004771,https://cdn.yamibuy.net/statics/libraries/yamibuy/images/lazy.svg,QIANBAIWEI,10,$2.99,,,,,Canned In Syrup (Mixed Fruit) 680g,4.8,China
Spicy Sansi 306g,https://www.yamibuy.com/en/p/ji-xiang-ju-spicy-sansi-306g/1021047691,https://cdn.yamibuy.net/statics/libraries/yamibuy/images/lazy.svg,JI XIANG JU,11,$3.99,,,,,Spicy Sansi 306g,4.5,China
WFZ Red Bean Glutinous Rice Porridge 350g,https://www.yamibuy.com/en/p/wfz-red-bean-glutinous-rice-porridge-350g/1021058071,https://cdn.yamibuy.net/statics/libraries/yamibuy/images/lazy.svg,wufangzhai,9,$2.29,,,,,WFZ Red Bean Glutinous Rice Porridge 350g,4.9,China
Pickled Mixed Vegetable,https://www.yamibuy.com/en/p/weijute-pickled-mixed-vegetable/1021008681,https://cdn.yamibuy.net/statics/libraries/yamibuy/images/lazy.svg,WEIJUTE,8,$1.39,,,,,Pickled Mixed Vegetable,5,China
Five Spice Lotus 169g,https://www.yamibuy.com/en/p/bestore-five-spice-lotus-169g/1021063701,https://cdn.yamibuy.net/statics/libraries/yamibuy/images/lazy.svg,BESTORE,13,$4.39,,,,,Five Spice Lotus 169g,3.5,China
Yunnan Dried Mushroom 50g,https://www.yamibuy.com/en/p/yunnan-dried-mushroom-50g/1147007891,https://cdn.yamibuy.net/statics/libraries/yamibuy/images/lazy.svg,HEXIN,4,$1.59,,,,,Yunnan Dried Mushroom 50g,4.8,China
Preserved Savory Fungus Spicy Hot Flavor 280g,https://www.yamibuy.com/en/p/fsg-preserved-savory-fungus-spicy-hot-flavor-280g/1021056581,https://cdn.yamibuy.net/statics/libraries/yamibuy/images/lazy.svg,FSG,,$4.19,,,,,Preserved Savory Fungus Spicy Hot Flavor 280g,,China
BBQ Konjac 100g,https://www.yamibuy.com/en/p/zhenleyi-bbq-konjac-100g/1021063541,https://cdn.yamibuy.net/statics/libraries/yamibuy/images/lazy.svg,ZHENLEYI,7,$3.19,,,,,BBQ Konjac 100g,4.9,China
,,,,,,,,,,,,
,,,,,,,,,,,,
,,,,,,,,,,,,
Bamboo Shoot Tips w/ P. Pepper 230g,https://www.yamibuy.com/en/p/gourmet-farm-bamboo-shoot-tips-w-p-pepper-230g/1021064071,https://cdn.yamibuy.net/item/404026d1793978561e9115e99cf00696_684x684.webp,GOURMET FARM,2,$3.29,,,,,Bamboo Shoot Tips w/ P. Pepper 230g,3,China
Thick Shrimp Tomato Cream Soup Instant Soup 3pcs,https://www.yamibuy.com/en/p/thick-shrimp-tomato-cream-soup-instant-soup-3pcs/1147009081,https://cdn.yamibuy.net/item/af5781dfabb91c458efaee7d0f91f1d2_684x684.webp,POKKA SAPPORO,2,$4.99,,,,,Thick Shrimp Tomato Cream Soup Instant Soup 3pcs,4.5,Japan
Thick Cream Mushroom Cheese Cream Soup Instant Soup 3pcs,https://www.yamibuy.com/en/p/thick-cream-mushroom-cheese-cream-soup-instant-soup-3pcs/1147009061,https://cdn.yamibuy.net/item/96dab5e106f2aabadb97b0a19eb6a4c7_684x684.webp,POKKA SAPPORO,3,$4.99,,,,,Thick Cream Mushroom Cheese Cream Soup Instant Soup 3pcs,4,Japan
Cheese Seafood Soup 3pcs,https://www.yamibuy.com/en/p/cheese-seafood-soup-3pcs/1147009041,https://cdn.yamibuy.net/item/ec0dea261ba03230590aabedec23baf8_684x684.webp,POKKA SAPPORO,3,$4.99,,,,,Cheese Seafood Soup 3pcs,4.7,Japan
Garlic Chili Sauce 220g,https://www.yamibuy.com/en/p/hopen-garlic-chili-sauce-220g/1021063801,https://cdn.yamibuy.net/statics/libraries/yamibuy/images/lazy.svg,Hopen,4,$2.49,,,,,Garlic Chili Sauce 220g,4.5,China
TONGFU Red Bean And Black Rice Porridge 280g,https://www.yamibuy.com/en/p/tongfu-red-bean-and-black-rice-porridge-280g/1147003941,https://cdn.yamibuy.net/statics/libraries/yamibuy/images/lazy.svg,TONGFU PORRIDGE,1,,$1.79,$1.99,11% OFF,,TONGFU Red Bean And Black Rice Porridge 280g,5,China
Mixed Congee 300g,https://www.yamibuy.com/en/p/tongfu-porridge-mixed-congee-300g/1021056961,https://cdn.yamibuy.net/statics/libraries/yamibuy/images/lazy.svg,TONGFU PORRIDGE,1,$1.49,,,,,Mixed Congee 300g,4,China
Thick Butter Chicken Soup Instant Soup 3pcs,https://www.yamibuy.com/en/p/thick-butter-chicken-soup-instant-soup-3pcs/1147009051,https://cdn.yamibuy.net/statics/libraries/yamibuy/images/lazy.svg,POKKA SAPPORO,,$4.99,,,,,Thick Butter Chicken Soup Instant Soup 3pcs,,Japan
Red Bean Coix Seed Starch 350g,https://www.yamibuy.com/en/p/liziqi-red-bean-coix-seed-starch-350g/1147005021,https://cdn.yamibuy.net/statics/libraries/yamibuy/images/lazy.svg,LIZIQI,27,,$12.99,$15.99,19% OFF,,Red Bean Coix Seed Starch 350g,4.6,China
HAINAN ISLAND Coconut Milk Dessert 360g No preservatives,https://www.yamibuy.com/en/p/hainan-island-coconut-milk-dessert-360g-no-preservatives/1147002821,https://cdn.yamibuy.net/statics/libraries/yamibuy/images/lazy.svg,HAINANISLAND,103,$1.69,,,,,HAINAN ISLAND Coconut Milk Dessert 360g No preservatives,4.7,China
Mashed Taro and Coconut Meal Replacement Shake,https://www.yamibuy.com/en/p/mashed-taro-and-coconut-meal-replacement-shake/1147009941,https://cdn.yamibuy.net/statics/libraries/yamibuy/images/lazy.svg,Healthy & Funny,20,,$27.99,$29.99,7% OFF,,Mashed Taro and Coconut Meal Replacement Shake,4.8,China
WUGUMOFANG Black Soy Milk Powder 448g,https://www.yamibuy.com/en/p/wugumofang-black-soy-milk-powder-448g/1147000331,https://cdn.yamibuy.net/statics/libraries/yamibuy/images/lazy.svg,WUGU MOFANG,14,,$11.99,$13.99,15% OFF,,WUGUMOFANG Black Soy Milk Powder 448g,4.6,China
Cooked Marinated Egg in Soy Sauce 6pcs,https://www.yamibuy.com/en/p/lam-sheng-kee-cooked-marinated-egg-in-soy-sauce-6pcs/1021009651,https://cdn.yamibuy.net/statics/libraries/yamibuy/images/lazy.svg,LAM SHENG KEE,41,$3.99,,,,,Cooked Marinated Egg in Soy Sauce 6pcs,4,Taiwan
Longan Rice Congee 340g,https://www.yamibuy.com/en/p/chinchin-longan-rice-congee-370g/1021020281,https://cdn.yamibuy.net/statics/libraries/yamibuy/images/lazy.svg,CHINCHIN,49,,$1.29,$1.89,32% OFF,,Longan Rice Congee 340g,4.6,Taiwan
Fresh Hawthorn Bottle 425g,https://www.yamibuy.com/en/p/fresh-hawthorn-bottle-425g/1147008241,https://cdn.yamibuy.net/statics/libraries/yamibuy/images/lazy.svg,LJPZ,17,,$2.19,$2.29,5% OFF,,Fresh Hawthorn Bottle 425g,4.9,China
Chinese water chestnut tremella soup 40g,https://www.yamibuy.com/en/p/chinese-water-chestnut-tremella-soup-40g/1147007131,https://cdn.yamibuy.net/statics/libraries/yamibuy/images/lazy.svg,BUYDEEM,9,$4.79,,,,,Chinese water chestnut tremella soup 40g,4.8,China
Babao Rice Multi-grain & Osmanthus Flavor 350g,https://www.yamibuy.com/en/p/qinyiwan-babao-rice-multi-grain-osmanthus-flavor-350g/1147000081,https://cdn.yamibuy.net/statics/libraries/yamibuy/images/lazy.svg,QINYIWAN,32,,$3.49,$3.99,13% OFF,,Babao Rice Multi-grain & Osmanthus Flavor 350g,4.6,China
Preserved Egg and Lean Pork Congee 38g,https://www.yamibuy.com/en/p/preserved-egg-and-lean-pork-congee-38g/1147010661,https://cdn.yamibuy.net/statics/libraries/yamibuy/images/lazy.svg,HAIFUSHENG,2,$1.99,,,,,Preserved Egg and Lean Pork Congee 38g,5,China
Longan Mixed Congee 360g,https://www.yamibuy.com/en/p/yinlu-longan-mixed-congee-280g/1147002631,https://cdn.yamibuy.net/statics/libraries/yamibuy/images/lazy.svg,YINLU,29,,$2.39,$2.59,8% OFF,,Longan Mixed Congee 360g,4.7,China
Babao Rice Honey Rose & & Brown Sugar Flavor 350g,https://www.yamibuy.com/en/p/qinyiwan-babao-rice-honey-rose-brown-sugar-flavor-350g/1147000061,https://cdn.yamibuy.net/statics/libraries/yamibuy/images/lazy.svg,QINYIWAN,31,,$3.49,$3.99,13% OFF,,Babao Rice Honey Rose & & Brown Sugar Flavor 350g,4.2,China
Lotus Oatmeal 320g,https://www.yamibuy.com/en/p/chinchin-lotus-oatmeal-320g/1021021471,https://cdn.yamibuy.net/statics/libraries/yamibuy/images/lazy.svg,CHINCHIN,40,,$1.29,$1.89,32% OFF,,Lotus Oatmeal 320g,4.1,CHINCHIN
WUGUMOFANG Red Bean Coix Porridge 650g,https://www.yamibuy.com/en/p/wugumofang-red-bean-coix-porridge-650g/1147000311,https://cdn.yamibuy.net/statics/libraries/yamibuy/images/lazy.svg,WUGU MOFANG,13,$19.99,,,,,WUGUMOFANG Red Bean Coix Porridge 650g,4.8,China
Jiangzhong Hougu Breakfast Rice Cereal Value Pack (Original+Black Sesame) 900g,https://www.yamibuy.com/en/p/jiangzhong-hougu-breakfast-rice-cereal-value-pack-original-black-sesame/1147000611,https://cdn.yamibuy.net/statics/libraries/yamibuy/images/lazy.svg,JZJT,9,,$41.99,$51.99,20% OFF,,Jiangzhong Hougu Breakfast Rice Cereal Value Pack (Original+Black Sesame) 900g,4.2,China
ONETENG Freeze Dried Jujube Wolfberry White Fungus Soup 90g,https://www.yamibuy.com/en/p/oneteng-freeze-dried-jujube-wolfberry-white-fungus-soup-90g/1147003901,https://cdn.yamibuy.net/statics/libraries/yamibuy/images/lazy.svg,SUNGIVEN FOODS,24,,$6.59,$6.99,6% OFF,,ONETENG Freeze Dried Jujube Wolfberry White Fungus Soup 90g,4.7,China
Canned In Syrup(Yellow Peaches) 680g,https://www.yamibuy.com/en/p/qianbaiwei-canned-in-syrup-yellow-peaches-680g/1147004761,https://cdn.yamibuy.net/statics/libraries/yamibuy/images/lazy.svg,QIANBAIWEI,17,$2.99,,,,,Canned In Syrup(Yellow Peaches) 680g,4.8,China
Tangerine Peel and Lotus Seed Red Bean Paste 200g,https://www.yamibuy.com/en/p/tangerine-peel-and-lotus-seed-red-bean-paste-200g/1147010531,https://cdn.yamibuy.net/statics/libraries/yamibuy/images/lazy.svg,CHAOZHOULANG,4,$3.69,,,,,Tangerine Peel and Lotus Seed Red Bean Paste 200g,4.5,China
Lotus BBQ Flavor 168g,https://www.yamibuy.com/en/p/bestore-lotus-bbq-flavor-168g/1021063691,https://cdn.yamibuy.net/statics/libraries/yamibuy/images/lazy.svg,BESTORE,29,$4.39,,,,,Lotus BBQ Flavor 168g,4,China
Pitaya and Strawberry Meal Replacement Shake,https://www.yamibuy.com/en/p/pitaya-and-strawberry-meal-replacement-shake/1147009931,https://cdn.yamibuy.net/statics/libraries/yamibuy/images/lazy.svg,Healthy & Funny,8,,$27.99,$29.99,7% OFF,,Pitaya and Strawberry Meal Replacement Shake,4.6,China
ONETENG Freeze Dried Rock Sugar Snow Pear White Fungus Soup 90g,https://www.yamibuy.com/en/p/oneteng-freeze-dried-rock-sugar-snow-pear-white-fungus-soup-90g/1147003911,https://cdn.yamibuy.net/statics/libraries/yamibuy/images/lazy.svg,SUNGIVEN FOODS,18,$6.49,,,,,ONETENG Freeze Dried Rock Sugar Snow Pear White Fungus Soup 90g,4.9,China
Red Bean Barley Meal Powder 10 bags,https://www.yamibuy.com/en/p/red-bean-barley-meal-powder-10-bags/1147007011,https://cdn.yamibuy.net/statics/libraries/yamibuy/images/lazy.svg,BUYDEEM,5,$8.99,,,,,Red Bean Barley Meal Powder 10 bags,5,China
Rye Black Sesame Rye Soup 200g,https://www.yamibuy.com/en/p/rye-black-sesame-rye-soup-200g/1147010541,https://cdn.yamibuy.net/statics/libraries/yamibuy/images/lazy.svg,CHAOZHOULANG,4,$3.69,,,,,Rye Black Sesame Rye Soup 200g,4.5,China
Pickled pepper and bamboo shoot slices 188g,https://www.yamibuy.com/en/p/pickled-pepper-and-bamboo-shoot-slices-188g/1147008361,https://cdn.yamibuy.net/statics/libraries/yamibuy/images/lazy.svg,BESTORE,4,$2.79,,,,,Pickled pepper and bamboo shoot slices 188g,5,China
WFZ Purple Potato Black Rice Porridge 350g,https://www.yamibuy.com/en/p/wfz-purple-potato-black-rice-porridge-350g/1021058081,https://cdn.yamibuy.net/statics/libraries/yamibuy/images/lazy.svg,wufangzhai,11,$2.29,,,,,WFZ Purple Potato Black Rice Porridge 350g,5,China
Tropical Classic Tapioca Pearl Pudding with Coconut Chunks 2 Pack 230g,https://www.yamibuy.com/en/p/tropical-classic-tapioca-pearl-pudding-with-coconut-chunks-2-pack-230g/1147008011,https://cdn.yamibuy.net/statics/libraries/yamibuy/images/lazy.svg,TAS,9,$2.89,,,,,Tropical Classic Tapioca Pearl Pudding with Coconut Chunks 2 Pack 230g,4.9,China
JXJFOOD Fungus Pickled Vegetables 180g,https://www.yamibuy.com/en/p/jxjfood-fungus-pickled-vegetables-180g/1021019031,https://cdn.yamibuy.net/statics/libraries/yamibuy/images/lazy.svg,JI XIANG JU,15,$1.69,,,,,JXJFOOD Fungus Pickled Vegetables 180g,4.3,China
Spicy wild Mushroom 50g,https://www.yamibuy.com/en/p/spicy-wild-mushroom-50g/1147007871,https://cdn.yamibuy.net/statics/libraries/yamibuy/images/lazy.svg,HEXIN,13,$1.59,,,,,Spicy wild Mushroom 50g,4.5,China
【Frozen】PMO Mozzarella Cheese Topokki 400g,https://www.yamibuy.com/en/p/pmo-mozzarella-cheese-topokki-400g/1147010721,https://cdn.yamibuy.net/statics/libraries/yamibuy/images/lazy.svg,PMO,,$6.99,,,,,【Frozen】PMO Mozzarella Cheese Topokki 400g,,Korea
Chia seed Oatmeal 2 bags,https://www.yamibuy.com/en/p/chia-seed-oatmeal-2-bags/1147007061,https://cdn.yamibuy.net/statics/libraries/yamibuy/images/lazy.svg,BUYDEEM,5,$3.39,,,,,Chia seed Oatmeal 2 bags,5,China
Dried Mushroom 50g,https://www.yamibuy.com/en/p/dried-mushroom-50g/1147007861,https://cdn.yamibuy.net/statics/libraries/yamibuy/images/lazy.svg,HEXIN,8,$1.59,,,,,Dried Mushroom 50g,4.8,China
Eleocharis Corn Oatmeal 2 bags 112g,https://www.yamibuy.com/en/p/eleocharis-corn-oatmeal-2-bags-112g/1147007071,https://cdn.yamibuy.net/statics/libraries/yamibuy/images/lazy.svg,BUYDEEM,1,$3.50,,,,,Eleocharis Corn Oatmeal 2 bags 112g,4,China
Spicy Porcino 16g*20,https://www.yamibuy.com/en/p/spicy-porcino-16g/1147007911,https://cdn.yamibuy.net/statics/libraries/yamibuy/images/lazy.svg,HEXIN,6,$7.99,,,,,Spicy Porcino 16g*20,4.7,China
Peanut Soup with Milk 320g,https://www.yamibuy.com/en/p/chinchin-peanut-soup-with-milk-320g/1021020311,https://cdn.yamibuy.net/statics/libraries/yamibuy/images/lazy.svg,CHINCHIN,4,$1.89,,,,,Peanut Soup with Milk 320g,4.5,qinqin
Crisp Bamboo Shoot w/ Enoki Mushroom 230g,https://www.yamibuy.com/en/p/gourmet-farm-crisp-bamboo-shoot-w-enoki-mushroom-230g/1021064081,https://cdn.yamibuy.net/statics/libraries/yamibuy/images/lazy.svg,GOURMET FARM,2,,$2.99,$3.29,10% OFF,,Crisp Bamboo Shoot w/ Enoki Mushroom 230g,1,China
Ancient Method Brown Sugar Red Bean Paste 330ml,https://www.yamibuy.com/en/p/ancient-method-brown-sugar-red-bean-paste-330ml/1147008311,https://cdn.yamibuy.net/statics/libraries/yamibuy/images/lazy.svg,DULIYOUHUO,2,$3.89,,,,,Ancient Method Brown Sugar Red Bean Paste 330ml,5,China
Crisp Bamboo Shoot w/ P.Cabbage 230g,https://www.yamibuy.com/en/p/gourmet-farm-crisp-bamboo-shoot-w-p-cabbage-230g/1021064061,https://cdn.yamibuy.net/statics/libraries/yamibuy/images/lazy.svg,GOURMET FARM,3,$3.29,,,,,Crisp Bamboo Shoot w/ P.Cabbage 230g,5,China
BBQ Termiyomyces 100g,https://www.yamibuy.com/en/p/zhenleyi-bbq-termiyomyces-100g/1021063561,https://cdn.yamibuy.net/statics/libraries/yamibuy/images/lazy.svg,ZHENLEYI,2,$3.19,,,,,BBQ Termiyomyces 100g,5,China
Spicy Boletus 100g,https://www.yamibuy.com/en/p/zhenleyi-spicy-boletus-100g/1021063551,https://cdn.yamibuy.net/statics/libraries/yamibuy/images/lazy.svg,ZHENLEYI,5,$2.99,,,,,Spicy Boletus 100g,2.8,China
TONGFU Longan Lotus Seed Porridge 320g,https://www.yamibuy.com/en/p/tongfu-longan-lotus-seed-porridge-280g/1147003951,https://cdn.yamibuy.net/statics/libraries/yamibuy/images/lazy.svg,TONGFU PORRIDGE,1,,$1.79,$1.99,11% OFF,,TONGFU Longan Lotus Seed Porridge 320g,5,China
,,,,,,,,,,,,
,,,,,,,,,,,,
,,,,,,,,,,,,
