Product_Name,Brand,Price,Reviews,Origin,Platform,Type
Salty Yolk Cookies 230g,TKFOOD,6.89,1194,Taiwan,Yami,Cookies
Cookies Original Flavor 60g,Koobi,4.69,1,Mainland China,Yami,Cookies
TK FOOD Salty Yolk Cookies 100g,TKFOOD,2.99,398,Taiwan,Yami,Cookies
Shortbread Cookies Dark Chocolate Yoghurt Flavor 144g,JZJT,6.99,0,Mainland China,Yami,Cookies
"Cookies, Imported Sandwich Chocolate Cream 150g",BISCOFF,6.99,0,United States,Yami,Cookies
Imperial Palace Sesame Cookies 200g,IMPERIAL PALACE,4.59,1,Mainland China,Yami,Cookies
Imperial Palace Sesame Puff Cookies 200g,IMPERIAL PALACE,4.59,1,Mainland China,Yami,Cookies
Cookies Durian Flavor 60g,Koobi,4.69,0,Mainland China,Yami,Cookies
Butter Cookies 454g,KJELDSENS,8.69,110,Denmark,Yami,Cookies
Koala's Matcha Cream Filled Cookies 37g,LOTTE Japan,1.29,6,Japan,Yami,Cookies
Chocolate Mascarpone Cookies 10pc,TOKYO MILK CHEESE FACTORY,19.99,10,Japan,Yami,Cookies
Danisa Premium Butter Cookies 12oz,DANISA,6.29,0,Denmark,Yami,Cookies
Shortbread Cookies Rum with Red Grape Flavor 144g,JZJT,6.99,0,Mainland China,Yami,Cookies
Almond Cookies Sesame 120g,IMPERIAL PALACE,4.99,0,Mainland China,Yami,Cookies
TK FOOD Purple Sweet Potato Cookies 230g,TKFOOD,6.29,128,Taiwan,Yami,Cookies
Crepe Dentelle Cookies 500g,GAVOTTES,24.99,4,France,Yami,Cookies
Shaped Butter Cookies 78g,HELLO KITTY,6.99,6,Japan,Yami,Cookies
Almond Cookies Oriingal 120g,IMPERIAL PALACE,4.99,0,Mainland China,Yami,Cookies
CHIO HEONG YUEN Walnut Cookies 340g,Choi Heong Yuen Bakery,9.99,22,Macao,Yami,Cookies
Milk and Custard Falvor Cookies 128g,SABLE,4.89,0,Mainland China,Yami,Cookies
Shaped Earl Grey Tea Cookies 78g,HELLO KITTY,6.99,8,Japan,Yami,Cookies
Mango and Cranberry Flavor Cookies 128g,SABLE,4.89,1,Mainland China,Yami,Cookies
TK FOOD Black Sesame Cookies 230g,TKFOOD,6.29,72,Taiwan,Yami,Cookies
MOEGINO Cookies 20pcs 95.8g,TIVOLI TIVON,5.99,10,Japan,Yami,Cookies
Caramel Speculaas Cookies 130g,JANS,1.89,17,United States,Yami,Cookies
TK FOOD Almond Thousand Layers Cookies 120g,TKFOOD,2.69,69,Taiwan,Yami,Cookies
Bakery Mini Almond Walnut Cookies 180g,Choi Heong Yuen Bakery,5.99,2,Macao,Yami,Cookies
Premium Family Assorted Cookies 1224g,GARDEN,22.99,0,Hong Kong,Yami,Cookies
MOEGINO Cookies 32pcs 153g,TIVOLI TIVON,10.99,4,Japan,Yami,Cookies
Alfort Chocolate Cookies 199g,BOURBON,4.99,9,Japan,Yami,Cookies
Butter Cookies Tin 454g,ROYAL DANISH,5.99,25,Denmark,Yami,Cookies
Cashew Cookies 170g,Choi Heong Yuen Bakery,6.29,16,Macao,Yami,Cookies
White Rollita Cookies 98g,BOURBON,1.99,45,Japan,Yami,Cookies
M Baker'sChocolate Cookies 147g,FURUTA,4.99,7,Japan,Yami,Cookies
Korean Style Fried Cookies 350g,NONGHYUP,4.49,17,Korea,Yami,Cookies
Homemade Type Peanut Cookies 298g,CROWN,5.99,3,Korea,Yami,Cookies
Adult Crunch Fragrant Cookies & Cream 102g,SHOEI,3.99,2,Mainland China,Yami,Cookies
Quadratini Bite Size Wafer Cookies Vanilla Flavor 250g,LOACKER,5.29,10,Itlay,Yami,Cookies
M Baker's Custard Cookies 147g,FURUTA,4.99,7,Japan,Yami,Cookies
Sand Cookies Cheese Flavor 108g,Koobi,3.49,2,Mainland China,Yami,Cookies
Nutrition biscuit Cookies 90g,KUANSHENG,1.49,5,Taiwan,Yami,Cookies
Pejoy Cookies & Cream Creamy Vanilla Filled Chocolate Biscuit Sticks 56g,GLICO,2.09,41,Japan,Yami,Cookies
3 in 1 Thousand Layers Cookies Salted Egg Yolk Salted Sesame Salted Peanut  450g,TKFOOD,6.49,72,Taiwan,Yami,Cookies
Sand Cookies Seaweed Flavor 98g,Koobi,3.49,1,Mainland China,Yami,Cookies
French Cookies 500g,MEIKE,5.99,8,Taiwan,Yami,Cookies
Butter Cookies 454g,ROYAL DANISA,7.49,187,Denmark,Yami,Cookies
CHIO HEONG YUEN Mini Crunchy Cookies 200g,Choi Heong Yuen Bakery,6.99,6,Macao,Yami,Cookies
WALKER Pure Butter Cookies 125g,WALKERS,5.49,6,Scotland,Yami,Cookies
TK FOOD Black Peeper Salty Yolk Cookies 230g,TKFOOD,6.29,22,Taiwan,Yami,Cookies
Danish Butter Cookies 340g,ROYAL DANSK,6.89,17,Denmark,Yami,Cookies
BUTTER COOKIES 90g,BOURBON,2.49,23,Japan,Yami,Cookies
Sand Cookies Black Cheese Flavor 108g,Koobi,3.49,2,Mainland China,Yami,Cookies
TK FOOD Black Sesame Cookies 100g,TKFOOD,3.49,19,Taiwan,Yami,Cookies
"Cookies, Imported With Belgian Chocolate 154g",BISCOFF,4.39,1,United States,Yami,Cookies
Crispy Rice Filled Chocolate Chip Cookies,BE & CHEERY,9.9,0,Mainland China,Yami,Cookies
Coco Almond Nutrition Cookies 15pc,ASAHI,15.9,1,Japan,Yami,Cookies
Fruits Nutrition Cookies 15pc,ASAHI,15.99,1,Japan,Yami,Cookies
Panda Strawberry Cookies 47g,KABAYA,3,2,Japan,Yami,Cookies
Cranberry Cookies 90g,BESTORE,6.99,1,Mainland China,Yami,Cookies
[China Direct Mail] Baicao Flavor-Cranberry Cookies Original Flavor 100g,BE & CHEERY,9.9,0,Mainland China,Yami,Cookies
Grapefruit White Chocolate Christmas Limited Cookies 20pc,ANTENOR,24.99,2,Japan,Yami,Cookies
Butter Ring Soft Cookies 86g,HAITAI,3.99,0,Korea,Yami,Cookies
Honey Raisin Nutrition Cookies 15pc,ASAHI,15.9,0,Japan,Yami,Cookies
Maple Walnut Nutrition Cookies 15pc,ASAHI,15.9,0,Japan,Yami,Cookies
[China Direct Mail] Baicao Flavor-Cranberry Cookies Matcha Flavor 100g,BE & CHEERY,9.9,1,Mainland China,Yami,Cookies
Mix Fruit Nutrition Cookies 15pc,ASAHI,15.9,0,Japan,Yami,Cookies
Cookies and Cream Flavor Peanuts,MURGERBON,3.39,0,Korea,Yami,Cookies
Quadratini Bite Size Wafer Cookies Tiramisu Flavor 250g,LOACKER,5.29,48,Itlay,Yami,Cookies
Quadratini Bite Size Wafer Cookies Chocolate Flavor 250g,LOACKER,5.29,42,Itlay,Yami,Cookies
Quadratini Bite Size Wafer Cookies Cappuccino Flavor 220g,LOACKER,5.29,20,Itlay,Yami,Cookies
Quadratini Bite Size Wafer Cookies Lemon Flavor 250g,LOACKER,5.29,18,Itlay,Yami,Cookies
SizzlingI Cookies 283.5g,HANZHENGZUAN,3.69,6,Taiwan,Yami,Cookies
Quadratini Bite Size Wafer Cookies Coconut Flavor 250g,LOACKER,5.29,8,Itlay,Yami,Cookies
Koala Chocolate Cream Filling Biscuit 41g,LOTTE Japan,1.19,131,Japan,Yami,Cookies
Pocky Almond Chocolate Biscuit Sticks 41g,GLICO,2.19,286,Japan,Yami,Cookies
Beijing Wheat Flour Cake 210g,Dao Xiang Cun,5.99,177,Mainland China,Yami,Cookies
Hello Kitty Cookie Box 11.50 OZ,BOURBON,15.99,4,Japan,Yami,Cookies
Avocado Cake 252g,SANWEISUWU,17.99,143,Mainland China,Yami,Cookies
YUMMY Flower Pastry Rose Flavor 200g 8pcs,YUMMYHI,3.69,402,Mainland China,Yami,Cookies
DXC Wife Cake Honey Flavor 210g,Dao Xiang Cun,7.29,124,Mainland China,Yami,Cookies
Meijin Cheese Mochi 66g,FUNWARI,5.29,34,Japan,Yami,Cookies
DXC Wife Cake Brown Sugar Flavor 210g,Dao Xiang Cun,7.29,147,Mainland China,Yami,Cookies
Sweet Crisp Sandwich Biscuits Fresh Lemon Flavor 80g,MASTER KONG,1.89,50,Mainland China,Yami,Cookies
Mushroom Chocolate Cookie 74g,MEIJI,2.99,27,Japan,Yami,Cookies
Pastry Gift Box 4-in-1,Choi Heong Yuen Bakery of Macau,24.99,0,Macao,Yami,Cookies
Koala Strawberry Cream Filling Biscuit 41g,LOTTE Japan,1.19,103,Japan,Yami,Cookies
Milk Chocolate Digestive Cookie 3.56oz,BOURBON,2.69,74,Japan,Yami,Cookies
Pocky Crunchy Strawberry Biscuit Sticks 51g  Random version,GLICO,2.29,114,Japan,Yami,Cookies
YUMMY Flower Pastry Purple Yam 200g 8pcs,YUMMYHI,3.69,214,Mainland China,Yami,Cookies
Koala Mango Cream Filling Biscuit 41g,LOTTE Japan,1.49,1,Japan,Yami,Cookies
Saltine Crackers 7packs,HAITAI,2.49,149,Korea,Yami,Cookies
Salad Shrimp Flavor Biscuit 70g,GLICO,2.69,1,Japan,Yami,Cookies
Otona No Crunch Rum Raisin 112g,SHOEI DELICY,3.89,4,Japan,Yami,Cookies
Ishiya Winter Chocolate Waffle 3Pcs,ISHIYA SEIKA,10.99,2,Japan,Yami,Cookies
Gery Cheese Crackers Bag  100g,GARUDA,1.29,52,Indonesia,Yami,Cookies
Sea Salt Cheese Biscuits 10pc,TOKYO MILK CHEESE FACTORY,19.99,85,Japan,Yami,Cookies
KUKKIA Whipped Chocolate Sandwiched with Cookie 4 Flavor 48pcs 374g,AKAIBOHSHI,27.99,1,Japan,Yami,Cookies
Assorted Cookie Pack 170g,BOURBON,4.99,21,Japan,Yami,Cookies
Pancake Comprehensive Gift Box 270g,IMEI,26.99,1,Taiwan,Yami,Cookies
Mire Biscuits 180g,NOMURA,3.79,0,Japan,Yami,Cookies
1mm Thin Cracker Coconut Flavor 285g,SILANG,5.29,1,Mainland China,Yami,Cookies
Peacock Wafer Roll Coffee Flavor 63g,Peacock Brand Herbs,3.29,0,Mainland China,Yami,Cookies
Mire Biscuits 200g,NOMURA,3.69,0,Japan,Yami,Cookies
PRETZ Baked Snack Sticks Original Flavor 10pcs,GLICO,3.39,134,Japan,Yami,Cookies
Pejoy Red Wine Chocolate 126g,GLICO,6.49,0,Japan,Yami,Cookies
GINBIS Animal Biscuits Chocolate Flavor 50g,GINBIS,1.19,0,Japan,Yami,Cookies
Red Box,AKAIBOHSHI,37.99,4,Japan,Yami,Cookies
Family Assorted Biscuits 1340g,GARDEN,7.99,0,Hong Kong,Yami,Cookies
Shang Hai Wan Nian Qing Onion Cracker Biscuit D'oignon 400g,SANNIU,4.99,395,Mainland China,Yami,Cookies
Almond Cakes 300g,Choi Heong Yuen Bakery,9.99,3,Macao,Yami,Cookies
Friend Bakery 62g,GLICO,1.59,0,Japan,Yami,Cookies
Sakusaku Panda Family Pack 102g,KABAYA,3.99,0,Japan,Yami,Cookies
Original Cracker 7packs,HAITAI,2.29,181,Korea,Yami,Cookies
Pocky Super Slender Chocolate Biscuit Sticks 73g  Random version,GLICO,2.19,143,Japan,Yami,Cookies
Koala Chocolate Cream Filling Biscuit Family Size 196g,LOTTE Japan,5.99,1,Japan,Yami,Cookies
Butter Waffles 180g,RICHY,2.99,250,Vietnam,Yami,Cookies
Protein 15 Cookie Blueberry 6pc 57.6g,HEALTHY CLUB,2.39,0,Japan,Yami,Cookies
Oreo New Year Lucky Snacks Gift Box 568g,OREO,22.99,0,Mainland China,Yami,Cookies
DXC Peach Crisp 640g,Dao Xiang Cun,11.79,158,Mainland China,Yami,Cookies
Choco Cracker Snack 70g,GINBIS,2.29,0,Japan,Yami,Cookies
【BOURBON X Demon Slayer: Kimetsu no Yaiba】Petite Ichigo Biscuit 56g,BOURBON,1.69,1,Japan,Yami,Cookies
Coconut Cookie 200g,VITICO,3.99,4,Mainland China,Yami,Cookies
GINBIS ANIMAL BISCUITS SEAWEED 50g,GINBIS,1.69,0,Japan,Yami,Cookies
Crackers Fresh milk Soup Flavor 180g,V-loong,3.49,1,Mainland China,Yami,Cookies
Salted Almond Caramel Snack 300g,HAITAI,4.69,0,Korea,Yami,Cookies
Petit bear sweets Train 323g,BOURBON,29.99,0,Japan,Yami,Cookies
2-Color Sweet Potato Chips 180g,Liancheng,6.39,0,Taiwan,Yami,Cookies
Japanese Hanatsubaki Valentine's Day Cookie Gift Box 24pc,SHISEIDO,34.99,0,Japan,Yami,Cookies
Koala Mango Cream Filling Biscuit Family Size 195g,LOTTE Japan,5.39,0,Japan,Yami,Cookies
Biscuit With 9 kinds of Vegetables(Shallot Flavour)308g,HUAMEI,5.29,0,Mainland China,Yami,Cookies
Petit bear sweets house 318g,BOURBON,29.99,0,Japan,Yami,Cookies
1mm Thin Cracker Black Sesame Flavor 285g,SILANG,5.29,0,Mainland China,Yami,Cookies
Strawberry Vanilla Cream Filled Biscuit Sticks 126g,GLICO,6.49,0,Japan,Yami,Cookies
Protein 15 Cookie Cocoa  6pc 57.6g,HEALTHY CLUB,2.39,0,Japan,Yami,Cookies
Crackers Fresh flowers Flavor 180g,V-loong,3.49,0,Mainland China,Yami,Cookies
Pizza Flavor Biscuit 80g,GLICO,2.69,5,Japan,Yami,Cookies
4P Sakuyama Chocojiro 68g,SHOEI DELICY,2.49,0,Japan,Yami,Cookies
Pejoy Matcha Cream Filled Biscuit Sticks 56g,GLICO,2.09,102,Japan,Yami,Cookies
GAVOTTES Butter Crispy Biscuit 1250g,GAVOTTES,46.99,0,France,Yami,Cookies
Choco Sticks Crunchy 144g,OTHER BRANDS,5.99,0,N/A,Yami,Cookies
【BOURBON X Demon Slayer: Kimetsu no Yaiba】Petite Caramel Cookie 49g,BOURBON,1.69,5,Japan,Yami,Cookies
BACKERY Almond Cakes Biscuits Aux Amandes 300g,Choi Heong Yuen Bakery,10.99,20,Macao,Yami,Cookies
CHIO HEONG YUEN Abalone Pastries 180g,Choi Heong Yuen Bakery,6.29,32,Macao,Yami,Cookies
Festival Limited Edition Butter Cookie 250g,WALKERS,11.99,0,Scotland,Yami,Cookies
Hot-Kid Cookie Ball Honey Flavour 210g,WANT WANT,2.99,75,Taiwan,Yami,Cookies
Bubble Milk Tea Cakes 400g,HSINTUNGYANG,18.99,0,Taiwan,Yami,Cookies
Choco Sticks-Peanut 144g,OTHER BRANDS,5.99,0,N/A,Yami,Cookies
Chocolate Hazelnut Waffle Snack 284g,CROWN,5.99,70,Korea,Yami,Cookies
Pretz Tomato Flavor Stick 60g,GLICO,2.49,14,Japan,Yami,Cookies
Elegant  Assorted Cookie Box,AKAIBOHSHI,8.99,6,Japan,Yami,Cookies
Popping Candy Macaron Biscuits Strawberry Flavor 133g,AJI,3.49,2,Mainland China,Yami,Cookies
Biscuits Stick Cream Flavor 115.2g,BOURBON,3.99,1,Japan,Yami,Cookies
Ice Cream Flavor Cone Snack 10pc 82g,GLICO,4.49,1,Japan,Yami,Cookies
Balance Power Cacao Sand  6pc 108g,HEALTHY CLUB,3.89,1,Japan,Yami,Cookies
Pejoy Matcha Mousse 126g,GLICO,6.49,0,Japan,Yami,Cookies
Every Zenryufun Biscuit&Choco 58.8g,YBC,3.49,1,Japan,Yami,Cookies
GuoKui Chocolate Walnut Biscuit 70g,Agan,5.99,2,Mainland China,Yami,Cookies
Crispy Crepes Coconut 3.5oz,CHUN GUANG,2.69,3,Mainland China,Yami,Cookies
ACE Cracker 121g,HAITAI,1.49,123,Korea,Yami,Cookies
Pocky Almond Crash Biscuit Sticks 40g,GLICO,2.39,27,Japan,Yami,Cookies
Family Size Assorted Biscuits 1340g,GARDEN,19.99,2,Hong Kong,Yami,Cookies
Tomato Flavor Biscuit 80g,GLICO,2.69,3,Japan,Yami,Cookies
Biscuits Blueberry & Raspberry160g,NAIRN`S,5.89,0,United States,Yami,Cookies
【BOURBON X Demon Slayer: Kimetsu no Yaiba】Petite Potato Norishio 45g,BOURBON,1.69,4,Japan,Yami,Cookies
Crackers  Cocoa Flavor 180g,V-loong,3.49,0,Mainland China,Yami,Cookies
BBQ Cumin Flavor Biscuit 80g,GLICO,2.69,2,Japan,Yami,Cookies
【BOURBON X Demon Slayer: Kimetsu no Yaiba】Petite Endomame Umashio 37g,BOURBON,1.69,1,Japan,Yami,Cookies
Pretzel Chocolate 48g,BOURBON,2.89,0,Japan,Yami,Cookies
Grain Pancake 250g,XiaoShiYiZhuang,11.99,7,Mainland China,Yami,Cookies
KUKKIA Whipped Chocolate Sandwiched with Cookie 4 Flavor 32pcs,AKAIBOHSHI,19.99,20,Japan,Yami,Cookies
Creamy Chocolate Biscuits 200g,KHONG GUAN,2.69,68,Singapore,Yami,Cookies
Sabri Samurai Cookie Milk Cranberry Flavor 128g,SABLE,4.69,159,Mainland China,Yami,Cookies
Choco Sticks-Popping Candy 144g,OTHER BRANDS,5.99,0,N/A,Yami,Cookies
KUKKIA Whipped Chocolate Sandwiched with Cookie Gift Box 4 Flavor 20pcs,AKAIBOHSHI,11.99,27,Japan,Yami,Cookies
Veggie Bites 80g,CALBEE,2.29,9,Japan,Yami,Cookies
White Chocolate Biscuit Vanilla Flavor 55g,BOURBON,2.99,8,Japan,Yami,Cookies
Low-Cal Natural French fries Snack 108g,HAITAI,3.49,170,Korea,Yami,Cookies
ACE Cracker 364g,HAITAI,4.49,61,Korea,Yami,Cookies
TK FOOD Durian Pastry 100g,TKFOOD,2.49,136,Taiwan,Yami,Cookies
Dream Animals Butter Flavored Biscuits 50g,GINBIS,1.49,31,Japan,Yami,Cookies
ACE NY CHEESE CAKE FLAVOR 364g,HAITAI,3.99,0,Korea,Yami,Cookies
Almond Cracker 6pcs,HAITAI,2.29,49,Korea,Yami,Cookies
Biscuit Osmanthus Flavor 175g,zhiweiguan,7.39,3,Mainland China,Yami,Cookies
MOEGINO Chocolate Sandwich Cookie 24pcs 464g,TIVOLI TIVON,22.99,1,Japan,Yami,Cookies
Pocky Classic Chocolate Biscuit Sticks 70g,GLICO,2.19,33,Japan,Yami,Cookies
Filled Crisp White chocolate Flavor 116g,JINYU,2.19,1,Mainland China,Yami,Cookies
Sweet Crisp Sandwich Biscuits Hazelnut Chocolate Flavor  80g,MASTER KONG,1.69,60,Mainland China,Yami,Cookies
Koala Strawberry Cream Filling Biscuit Family Size 196g,LOTTE Japan,5.49,0,Japan,Yami,Cookies
Choco & Coffee Biscuit 108g,BOURBON,2.39,28,Japan,Yami,Cookies
Sando Biscuit Milk Flavor 161g,CROWN,2.79,27,Korea,Yami,Cookies
Mire Biscuits Non-Fry 150g,NOMURA,3.79,0,Japan,Yami,Cookies
Pink Assorted Cookie Box,AKAIBOHSHI,27.99,3,Japan,Yami,Cookies
Rice Cracker - Banana 70g,FARM GROUP,1.89,2,Korea,Yami,Cookies
Pretz Crispy Pizza Flavor Stick 55g,GLICO,2.49,19,Japan,Yami,Cookies
Short Bread 95g,ITO SEIKA,2.89,1,Japan,Yami,Cookies
Deka Wafer Bites Ube Flavor 198g,JANS,3.49,0,Indonesia,Yami,Cookies
Blue Box Giftset,AKAIBOHSHI,17.99,0,Japan,Yami,Cookies
Five Grains Biscuits Original Flavor 140g,BOURBON,3.95,19,Japan,Yami,Cookies
Grand Horolu Chocolat Hazel 8pc 74.4g,FUJIYA,3.99,0,Japan,Yami,Cookies
3+2 Sandwiched Saltine Cracker Cream Flavor 375g,MASTER KONG,5.49,74,Mainland China,Yami,Cookies
Sanrio Ribon  Biscuit 79g,HOKKA,2.89,3,Japan,Yami,Cookies
Balance Power Biscuit Almond Flavor 63.2g 2pc,HEALTHY CLUB,2.49,53,Japan,Yami,Cookies
YBC Noir Crunch Chocolate Vanilla Flavor 35g,YAMAZAKI,1.99,4,Japan,Yami,Cookies
North Egg Omlette Cookie 8pc,BOURBON,2.99,10,Japan,Yami,Cookies
Natural Wheat Biscuits 400g,MCVITIES,3.49,106,England,Yami,Cookies
Bing Bing Crispy Ice Cream Cone Snack with Strawberry Filling 8pcs 71.2g,HAPI,3.89,9,Japan,Yami,Cookies
MOEGINO  Assorted Cookied 15pcs 750g,TIVOLI TIVON,26.99,3,Japan,Yami,Cookies
Akai Bohshi Coconut Chocolate Sandwich 18pc 470g,AKAIBOHSHI,17.99,2,Japan,Yami,Cookies
One Bite Almond Cakes,Choi Heong Yuen Bakery of Macau,11.99,2,Macao,Yami,Cookies
Delicious Crispy Assorted Scallion Flavor 255g,MASTER KONG,3.69,30,Mainland China,Yami,Cookies
Home Pie Otona No Rich Choco  155g,FUJIYA,5.69,0,Japan,Yami,Cookies
Green Onion Soda Cracker   120g,ZHONGXIANG,2.59,26,Taiwan,Yami,Cookies
Chocolate Hand Made Buscuit 105g,TIANPENG,2.99,41,Taiwan,Yami,Cookies
Crackers Matsutake Beef Soup Flavor 180g,V-loong,3.69,4,Mainland China,Yami,Cookies
Cereal Sand Cacao 18pc 183.6g,YBC,3.49,1,Japan,Yami,Cookies
Toppo Cocoa 40g,LOTTE Japan,1.69,0,Japan,Yami,Cookies
Glico Garden Biscuit Green Onion Spicy Flavor 80g,GLICO,2.49,1,Japan,Yami,Cookies
YanYan Double Cream Choco Dip 57g,MEIJI,1.19,20,Japan,Yami,Cookies
Koala No March Oyatsu Ohkoku 32g,LOTTE Japan,4.99,0,Japan,Yami,Cookies
Wagokochi Saryo Croom Kinako 40g,Oyatsu,2.29,1,Japan,Yami,Cookies
CARAMELY Cookie 154g,BOURBON,3.49,1,Japan,Yami,Cookies
Shanghai Milk Biscuit 1000g,BAICHEN,8.99,0,Mainland China,Yami,Cookies
Orange Cream Biscuits 200g,KHONG GUAN,2.69,28,Singapore,Yami,Cookies
Korean Traditional Rice Cookie 127g,ASSI BRAND,3.49,0,Korea,Yami,Cookies
Golden Box Assorted Cookie Box,AKAIBOHSHI,52.99,5,Japan,Yami,Cookies
Blackcurrant Filling and Dark Chocolate,GASTONE LAGO,4.79,3,New Zealand,Yami,Cookies
MOEGINO Chocolate Sandwich Cookie 10pcs 122g,TIVOLI TIVON,8.99,1,Japan,Yami,Cookies
Elise Biscuit Milk & Chocolate 110g,BOURBON,2.99,15,Japan,Yami,Cookies
PIE NO MI Rich Chocolate Flavor Pastry Cookie 69g,LOTTE Japan,3.69,14,Japan,Yami,Cookies
Large Marie Cookie 199g,KHONG GUAN,1.99,7,Singapore,Yami,Cookies
Rice Cracker - Strawberry 70g,FARM GROUP,1.89,2,Korea,Yami,Cookies
Digestives Raisin BiscuitI 250g,MyBizcuit,2.99,2,Malaysia,Yami,Cookies
Sanrio Kokuto Biscuit 60g,HOKKA,2.89,1,Japan,Yami,Cookies
Nougat Bisc Boba 120g,YUKI&LOVE,5.99,0,Taiwan,Yami,Cookies
MOEGINO Assorted Cookied 24pcs 523g,TIVOLI TIVON,33.99,0,Japan,Yami,Cookies
Mini Every Burger Wheat Cracker 66g,BOURBON,2.99,26,Japan,Yami,Cookies
GuoKui Preserved Vegetable Biscuit 120g,CIWEIAGAN,5.99,9,Mainland China,Yami,Cookies
Choco Pick Biscuit 45g,HAITAI,1.49,7,Korea,Yami,Cookies
Mincher Lemon Chocolate Flakes Biscuits 144g,MINCHER,5.99,1,Taiwan,Yami,Cookies
Large Marie Cookie 199g,KHONG GUAN,1.99,7,Singapore,Yami,Cookies
Lucky Chocolate Flavor Biscuit Stick 45g,MEIJI,1.89,35,Japan,Yami,Cookies
Biscuit Roll Orange Flavor 60g,WANT WANT,2.29,3,Taiwan,Yami,Cookies
Chocolate Chip Cookie 99g,BOURBON,2.49,9,Japan,Yami,Cookies
Sanrio Kokuto Biscuit 60g,HOKKA,2.89,1,Japan,Yami,Cookies
Roasted Bean Millet Non-Fried Biscuits 70g,NOMURA,2.99,3,Japan,Yami,Cookies
Digestives Wholemeal Biscuit 250g,MyBizcuit,2.99,0,Malaysia,Yami,Cookies
MOEGINO Assorted Cookied 24pcs 523g,TIVOLI TIVON,33.99,0,Japan,Yami,Cookies
Barley Snack (round),HAITAI,4.59,1,Korea,Yami,Cookies
Biscuit Osmanthus Flavor 175g,zhiweiguan,7.39,3,Mainland China,Yami,Cookies
MOEGINO Chocolate Sandwich Cookie 24pcs 464g,TIVOLI TIVON,22.99,1,Japan,Yami,Cookies
Digestive Biscuits 400g,PALLY,2.09,2,Mainland China,Yami,Cookies
GuoKui Preserved Vegetable Biscuit 120g,CIWEIAGAN,5.99,9,Mainland China,Yami,Cookies
Pumpkin Crisp 75g,BESTORE,1.49,24,Mainland China,Yami,Cookies
Filled Crisp White chocolate Flavor 116g,JINYU,2.19,1,Mainland China,Yami,Cookies
Popping Candy Macaron Biscuits Matcha Flavor 133g,AJI,3.49,0,Mainland China,Yami,Cookies
Ming Kung Cake,Choi Heong Yuen Bakery of Macau,7.99,1,Macao,Yami,Cookies
Pejoy Chocolate Cream Filled Biscuit Sticks 56g,GLICO,2.09,32,Japan,Yami,Cookies
Country Maam Vanilla & Cocoa 20pcs,FUJIYA,6.99,3,Japan,Yami,Cookies
Puff Chocolate Flavor 46g,HAITAI,1.39,4,Korea,Yami,Cookies
Moelleux Au Chocolat Cookie 210g,FURUTA,5.49,0,Japan,Yami,Cookies
Biscuits Crackers Original Flavor 380g,JINYU,4.39,0,Mainland China,Yami,Cookies
Toasted Bread Slice Cumin Flavor 138g,WOLONG,2.59,41,Mainland China,Yami,Cookies
Pepero Stick Biscuit & Chocolate Big Pack 240g,LOTTE Korea,9.99,0,Korea,Yami,Cookies
Cranberry Butter ShortBread 150g,HUAMEI,2.49,2,Mainland China,Yami,Cookies
Stuffed Cookie Ball  Yogurt Flavor 108g,HANSHI,3.79,8,Mainland China,Yami,Cookies
Banana Cream Biscuit 199g,KHONG GUAN,2.69,13,Singapore,Yami,Cookies
Multi Grain Crackers Original Flavor 100g,YIKOUTIAN,3.79,11,Taiwan,Yami,Cookies
Pucca Biscuits (Chocolate) 43g,MEIJI,1.99,6,Japan,Yami,Cookies
Lemon Puff 200g,KHONG GUAN,2.69,31,Singapore,Yami,Cookies
Salted Egg Golden Cube 100g,SNAZK BITES,3.99,3,Malaysia,Yami,Cookies
Rice Cracker - Banana 70g,FARM GROUP,1.89,2,Korea,Yami,Cookies
Black Tea Chocolate Cookie 9pc,LETAO,18.99,8,Japan,Yami,Cookies
Icon Chocolate Sandwich Cookie 42g,FUJIYA,2.19,1,Japan,Yami,Cookies
Choco & Hachimitsu Lemon Biscuit 230g,BOURBON,5.69,3,Japan,Yami,Cookies
Baked Banana Bar With Protein and Minerals 39g,ASAHI,2.49,3,Japan,Yami,Cookies
Short Bread 95g,ITO SEIKA,2.89,1,Japan,Yami,Cookies
Sanrio Ribon  Biscuit 79g,HOKKA,2.89,3,Japan,Yami,Cookies
Crispy Crepes Durian Flavor 3.5oz,CHUN GUANG,2.69,1,Mainland China,Yami,Cookies
TK FOOD Durian Pastry 230g,TKFOOD,6.29,29,Taiwan,Yami,Cookies
YBC Noir Crunch Chocolate Vanilla Flavor 35g,YAMAZAKI,1.99,4,Japan,Yami,Cookies
Pure Butter Mini Shortbread Scottie Dogs 125g,WALKERS,3.99,2,Scotland,Yami,Cookies
Popping Candy Macaron Biscuits Cream Flavor 133g,AJI,3.49,1,Mainland China,Yami,Cookies
North Egg Omlette Cookie 8pc,BOURBON,2.99,10,Japan,Yami,Cookies
Coconut Chocolate Sand 135g,AKAIBOHSHI,7.99,2,Japan,Yami,Cookies
Lucky Coffee Flavor Biscuit Stick 38g,MEIJI,1.49,12,Japan,Yami,Cookies
MOEGINO  Assorted Cookied 15pcs 750g,TIVOLI TIVON,26.99,3,Japan,Yami,Cookies
Quadratini Wafers Cocoa Milk 250g,LOACKER,5.29,13,Itlay,Yami,Cookies
Gudetama Biscuit 55g,HOKKA,2.89,4,Japan,Yami,Cookies
Natural Series Sandwich Crackers-Brown Sugar Milk tea 144g,ZHONGXIANG,4.69,1,Taiwan,Yami,Cookies
Yan Yan Choco Dip 57g,MEIJI,1.19,14,Japan,Yami,Cookies
Koala Cookie Matcha Flavor 195g,LOTTE Japan,5.89,3,Japan,Yami,Cookies
Puff Chocolate Flavor 146g,HAITAI,3.89,0,Korea,Yami,Cookies
Fabulous Cracker Honey Butter 200g,AJI,5.99,1,Mainland China,Yami,Cookies
Biscuit With 9 kinds of Vegetables(Tomato Flavour)308g,HUAMEI,5.29,0,Mainland China,Yami,Cookies
Bread Biscuits Vanilla Flavor 96g,BOURBON,4.69,1,Japan,Yami,Cookies
Toppo Cocoa 40g,LOTTE Japan,1.69,0,Japan,Yami,Cookies
PICOLA Strawberry Filling Egg Roll Sticks 2packs,NABISCO,2.49,6,2piece,Yami,Cookies
Mini Almond Cookie 120g,IMPERIAL PALACE,4.99,0,Mainland China,Yami,Cookies
Digestive Biscuit 300g,KHONG GUAN,3.99,24,Singapore,Yami,Cookies
KUKKIA Whipped Chocolate Sandwiched with Cookie 4 Flavor 93.6g*12pcs,AKAIBOHSHI,6.49,18,Japan,Yami,Cookies
Cream Wafer Pack Strawberry  Flavor 400g,IMEI,4.19,1,Taiwan,Yami,Cookies
Alfort Cookie 157g,BOURBON,4.99,2,Japan,Yami,Cookies
Koala No March Oyatsu Ohkoku 32g,LOTTE Japan,4.99,0,Japan,Yami,Cookies
Roanne Vanilla Cookie 2.99oz,BOURBON,3.59,12,Japan,Yami,Cookies
Wagokochi Saryo Croom Kinako 40g,Oyatsu,2.29,1,Japan,Yami,Cookies
CARAMELY Cookie 154g,BOURBON,3.49,1,Japan,Yami,Cookies
Shanghai Milk Biscuit 1000g,BAICHEN,8.99,0,Mainland China,Yami,Cookies
Deka Mini Wafer Bites Choco Choco 200g,JANS,3.49,2,Indonesia,Yami,Cookies
Milky Butter Shortbread 150g,HUAMEI,2.49,2,Mainland China,Yami,Cookies
Fuyishan Black Sesame Crackers 200g,Fu Yishan,5.29,16,Taiwan,Yami,Cookies
Sando Biscuit Strawberry Flavor 161g,CROWN,2.79,17,Korea,Yami,Cookies
Marie Biscuit 113g,MORINAGA,3.69,1,Japan,Yami,Cookies
Elise Biscuit Milk & Chocolate 110g,BOURBON,2.99,15,Japan,Yami,Cookies
PIE NO MI Rich Chocolate Flavor Pastry Cookie 69g,LOTTE Japan,3.69,14,Japan,Yami,Cookies
Saltine Crackers 280g,CROWN,3.29,6,Korea,Yami,Cookies
Halloween Star Shiruko Sand 160g,MATSUNAGA,3.49,0,Japan,Yami,Cookies
Digestives Raisin BiscuitI 250g,MyBizcuit,2.99,2,Malaysia,Yami,Cookies
Natural French Fries Snack 162g,HAITAI,4.99,9,Korea,Yami,Cookies
Butter Coconut Biscuits 199g,KHONG GUAN,2.99,24,Singapore,Yami,Cookies
Smoked Cheese Biscuits 40g,GLICO,3.59,6,Japan,Yami,Cookies
Cream Crackers-White Tin 1190g,KHONG GUAN,13.99,6,Singapore,Yami,Cookies
Nougat Bisc Boba 120g,YUKI&LOVE,5.99,0,Taiwan,Yami,Cookies
Mincher Sesame & Brown Sugar  Flakes Biscuits 144g,MINCHER,6.49,0,Taiwan,Yami,Cookies
WALKER Pure Butter Shortbread Scottie Dogs 110g,WALKERS,5.49,3,Scotland,Yami,Cookies
Fabulous Cracker Cheese 200g,AJI,5.99,4,Mainland China,Yami,Cookies
Fabulous Cracker Cheese 200g,AJI,5.99,4,Mainland China,Yami,Cookies
Roasted Bean Millet Biscuit Lemon Flavor 70g,NOMURA,2.99,3,Japan,Yami,Cookies
Wafer Roll Peanut Flavor 400g,Healthful,14.99,1,Taiwan,Yami,Cookies
Savory Crackers Low Sugar 270g,HAITAI,4.69,17,Korea,Yami,Cookies
Fancy Gems Biscuits 110g,KHONG GUAN,1.99,7,Singapore,Yami,Cookies
Soybeans And Almonds 108g,SANXINGZHIGUO,4.39,1,Japan,Yami,Cookies
KOALA MINI COOKIE Chocolate Filling 50g,LOTTE Japan,2.09,0,Japan,Yami,Cookies
Black Seasmae Barley Hardtack Biscuits450g,HAITAI,2.69,4,Korea,Yami,Cookies
High Fiber Digestive Biscuits Original Flavor 308g,Dingdian,4.19,3,Mainland China,Yami,Cookies
Noir Crunch Chocolate Mini Almond Flavor 32g,YBC,1.99,3,Japan,Yami,Cookies
SEIKA Hokkaido Junsei Butter Cookie 208g,showa,12.99,1,Japan,Yami,Cookies
KEKOU Angle Wafer 114g,LUCKY,1.59,18,Taiwan,Yami,Cookies
White Chocolate Cookie 78g,BOURBON,2.99,16,Japan,Yami,Cookies
Mixed Fruit Biscuits 150g,ASAHI,8.99,0,Japan,Yami,Cookies
Milk Almond Chocolate Bar with Yogurt Flavor,Chu Lu,8.99,0,Taiwan,Yami,Cookies
Mini Cream Wafers Vanilla Flavor 272g,GARDEN,3.99,9,Hong Kong,Yami,Cookies
Coconut Cream and Dark Chocolate Biscuits 98g,GASTONE LAGO,4.79,3,New Zealand,Yami,Cookies
Purple Box,AKAIBOHSHI,15.99,3,Japan,Yami,Cookies
TIVOLINA Akai Bohshi KUKKIA Whipped Chocolate Matcha Geen Tea Sandwiched with Cookie  93.6g*12pcs,AKAIBOHSHI,6.49,17,Japan,Yami,Cookies
Deka Choco Wafer Roll 360g,DUA KELINCI,4.49,15,Indonesia,Yami,Cookies
Pretzel Chocolate Flavor 46g,BOURBON,2.49,0,Japan,Yami,Cookies
Chocolate Cracker Sandwich 180g,ZESS,1.99,1,Mainland China,Yami,Cookies
Passion Fruit Cream and Milk Chocolate Biscuits 110g,GASTONE LAGO,4.79,1,New Zealand,Yami,Cookies
Party Wafers Lemon 250g,ELLEDI,4.29,3,Itlay,Yami,Cookies
Black Pepper Flavor Soda Cracker 420g,JINGYIZHEN,4.29,2,Mainland China,Yami,Cookies
Deka Choco Banana Wafer Roll 360g,DUA KELINCI,4.49,10,Indonesia,Yami,Cookies
Uji Hojicha Flavor Chocolate Stick 61.6g,MORINAGA,2.99,0,Japan,Yami,Cookies
Keto Granola Bar Blueberry Almond Vanilla Flavor 128g,MUNK PACK,7.49,0,United States,Yami,Cookies
High Class Assorted Biscuit 510g,GARDEN,10.99,1,Hong Kong,Yami,Cookies
Red Tin Assorted Biscuit 900g,GARDEN,16.99,2,Hong Kong,Yami,Cookies
CHOCO Sticks Crunky 10pc,NICOS,4.99,1,Korea,Yami,Cookies
Yan Yan Strawberry Dip 57g,MEIJI,1.19,33,Japan,Yami,Cookies
Almond Cakes,Choi Heong Yuen Bakery of Macau,14.99,1,Macao,Yami,Cookies
Pocky Metly Chocolate Cream Biscuit Sticks 131g,GLICO,4.69,15,Japan,Yami,Cookies
Butter Ring Cookie 86g,HAITAI,1.89,71,Korea,Yami,Cookies
Handmade Butter Biscuit 105g,TIANPENG,2.99,21,Taiwan,Yami,Cookies
Baked Wheat Crackers Delicious Smoked Cheese Taste 24g,GLICO,2.09,9,Japan,Yami,Cookies
Grand Horolu Butter Almond 8pc 74.4g,FUJIYA,3.69,2,Japan,Yami,Cookies
White Chocolate Hazelnut Waffle Snack 284g,CROWN,5.99,196,Korea,Yami,Cookies
Filled Crisp Strawberry Flavor 116g,JINYU,2.19,0,Mainland China,Yami,Cookies
Bing Bing Crispy Ice Cream Cone Snack with Chocolate Filling 8pcs 71.2g,HAPI,3.89,13,Japan,Yami,Cookies
Durian Wafers 150g,JANS,1.69,17,Indonesia,Yami,Cookies
Triple Layer Durian 162g,JANS,2.39,47,United States,Yami,Cookies
"Alfort Mini Chocolate Rich Mruku, 54g",BOURBON,1.99,10,Japan,Yami,Cookies
Butter Cookie 119g,ITO SEIKA,2.89,2,Japan,Yami,Cookies
MOEGINO Assorted Cookied 10pcs 422g,TIVOLI TIVON,18.99,2,Japan,Yami,Cookies
ZESS Lemon Cracker Sandwich 180g,ZESS,1.99,4,Mainland China,Yami,Cookies
Moonlight Cookie 113g,MORINAGA,3.79,10,Japan,Yami,Cookies
POCKY Chocolate Biscuit Sticks 40g,GLICO,2.49,12,Japan,Yami,Cookies
Milk Chocolate and White Chocolate Cookie Sandwich 20pc 156g,BOURBON,5.29,7,Japan,Yami,Cookies
Country Ma'am Mini Matcha Cookie 47g,FUJIYA,2.29,3,Japan,Yami,Cookies
ELISE Rich Black and White Chocolate Wafer Rolls 44pcs 5.57oz,BOURBON,4.99,7,Japan,Yami,Cookies
French Cracker 84g,HAITAI,1.59,17,Korea,Yami,Cookies
Panda Chocolate Filling Cookie 57g,MEIJI,1.19,70,Japan,Yami,Cookies
Egg Roll Chocolate Flavor 62g,HAITAI,1.99,8,Korea,Yami,Cookies
Deka Wafer Bites Durian Flavor 198g,JANS,3.49,0,Indonesia,Yami,Cookies
Mini Bus Cracker 140g,HAITAI,2.99,0,Korea,Yami,Cookies
Lucky Strawberry Flavor Biscuit Stick 45g,MEIJI,1.69,13,Japan,Yami,Cookies
Mincher Vegetarian Flakes Biscuits 144g,MINCHER,5.99,0,Taiwan,Yami,Cookies
Fabulous Cracker Veggie 200g,AJI,3.39,28,Mainland China,Yami,Cookies
Crepe Dentelle Assortiment Dessert 100g,GAVOTTES,4.49,14,France,Yami,Cookies
Toasted Bread Slice Spicy Flavor 138g,WOLONG,2.89,37,Mainland China,Yami,Cookies
Kajyu Ame 126g,eitaro,23.99,7,Mainland China,Yami,Cookies
Bing Bing Crispy Ice Cream Cone Snack with Banana Filling 8pcs 71.2g,HAPI,3.89,6,Japan,Yami,Cookies
WALKER Pure Butter Shortbread Round 150g,WALKERS,5.49,10,Scotland,Yami,Cookies
Milk Almond Chocolate Bar with Strawberry Flavor,Chu Lu,8.99,0,Taiwan,Yami,Cookies
SEIKA Hokkaido Junsei Butter Cookie 351g,showa,16.99,0,Japan,Yami,Cookies
"Meal Bar, Peanut Butter Cacao 85g",SANS BAR,3.99,0,United States,Yami,Cookies
Crispy Crepes Ginger Flavor 3.5oz,CHUN GUANG,2.69,0,Mainland China,Yami,Cookies
Caramel Sea Salt 35g,MUNK PACK,2.49,0,United States,Yami,Cookies
Raspberry Snack Bar 34g,BLAKE`S SEED BASED,8.99,0,Canada,Yami,Cookies
Fabulous Cracker Kimchi 200g,AJI,5.99,3,Mainland China,Yami,Cookies
Original Saltine Crackers 420g,GARDEN,3.59,17,Hong Kong,Yami,Cookies
Sesame Saltine Cracker  420g,GARDEN,3.59,9,Hong Kong,Yami,Cookies
Chocolate Chip Cookie Tin Box 312g,BOURBON,7.49,1,Japan,Yami,Cookies
Magic Cleansing Cookies 1pcs,WellDerma,6.99,0,Korea,Yami,Cookies
Mentholatum Melty Lip Tokuno Butter Cookies 1pcs,ROHTO,11.99,0,Japan,Yami,Cookies
"HAPPY PANTRY Milk and Cookies ""Bff's"" Tote Bag",Happy Pantry,10,0,1piece,Yami,Cookies
ISHIYA Hokkaido  Snowman chocolate 7g×18sheeps,ISHIYA SEIKA,13.42,0,Japan,Yami,Cookies
Calbee Jaguar Pocket 10 bags,CALBEE,20.34,0,Japan,Yami,Cookies
ISHIYA Hokkaido  Snowman chocolate milk 7g×18sheeps,ISHIYA SEIKA,13.42,0,Japan,Yami,Cookies
Red hat Elegant 4 types 12 pieces 71g,AKAIBOHSHI,8.18,0,Japan,Yami,Cookies
Nomura bean processing mill millet biscuit super big pack 480g 30g × 16 bags,NOMURA,14.36,0,Japan,Yami,Cookies
Shiroi Koibito Chocolat  Box  36 Pieces  Mix White and Black Chocolate,ISHIYA SEIKA,50.4,0,Japan,Yami,Cookies
Red hat Blue 8 types 20 sheets 175g,AKAIBOHSHI,16.34,0,Japan,Yami,Cookies
Red hat Gold 12 types 66 pieces 594g,AKAIBOHSHI,48.88,0,Japan,Yami,Cookies
Red Hat Purple 7 kinds 17 pieces 122g,AKAIBOHSHI,13.92,0,Japan,Yami,Cookies
Shiroi Koibito Chocolate Cookie White Chocolate 27Piece,ISHIYA SEIKA,36.84,0,Japan,Yami,Cookies
Imuraya 8 gifts (SM-8) during crispy making by yourself,IMURAYA,29.29,0,Japan,Yami,Cookies
Red hat Red 12 types 45 pieces 403g,AKAIBOHSHI,32.62,0,Japan,Yami,Cookies
Ezaki Glico Bisco Large Bag (Assorted Pack) 44 sheets (2 sheets x 22 packs),GLICO,8.27,0,Japan,Yami,Cookies
Wakodo Shrimp Rice Crackers 18g,WAKODO,5.99,0,Japan,Yami,Cookies
Hokkaido Sweets Yubari Melon Langu De Chat Melon Taste Chocolate Cookie 10pcs,KITAMI SUZUKI,19.99,0,Japan,Yami,Cookies
【China Direct Mail】Vietnam Huanglong Green Bean Cake 1pcs 10g,DAI PHU,1.2,0,Vietnam,Yami,Cookies
Wakodo Tamago Bolo Biscuits 45G,WAKODO,5.99,0,Japan,Yami,Cookies
Wakodo Green Soybean Biscuits 34G,WAKODO,5.99,0,Japan,Yami,Cookies
Hokkaido Peach Langu De Chat Cookie 10pcs,KITAMI SUZUKI,19.99,0,Japan,Yami,Cookies
Lava Cookie Chocolate Flavour 105g,BE & CHEERY,12.9,0,Mainland China,Yami,Cookies
Wakodo Banana Biscuits 58G,WAKODO,5.99,0,Japan,Yami,Cookies
GLICO Hokkaido Butter Flavor Giant Pretz 14 pieces,GLICO,17.99,0,Japan,Yami,Cookies
Mylikes Milk Chocolate 1pack 25g,LIANGFENG,1.09,1,Mainland China,Yami,Cookies
Crispy Biscuits Seaweed Flavor 300g,BESTORE,10.99,3,Mainland China,Yami,Cookies
[China Direct Mail] BE&CHEERYsalted egg yolk flavor glutinous rice crispy rice 110g,BE & CHEERY,7.9,0,Mainland China,Yami,Cookies
Thai Flavor Miengkam Krobros Flavor Potato Chips 50g,Lay's,4.99,0,Mainland China,Yami,Cookies
KAMAKURA GORO Half Moon Waffles 6pc,Kamakuragoro,19.99,2,Japan,Yami,Cookies
Beauty Style Megakatto Value Pack 2.9g*90pc 6,POLA,189.99,0,Japan,Yami,Cookies
BA The Tablet 180 Tablets,POLA,268.99,0,Japan,Yami,Cookies
WHITE SHOT INNER LOCK IXS Supplement 60 tablets  new,POLA,99.99,0,Japan,Yami,Cookies
Wakodo Biscuits with Iron 34G,WAKODO,5.99,0,Japan,Yami,Cookies
Extra Barbecue Flavor Potato Chips,Lay's,4.99,0,Mainland China,Yami,Cookies
Vegetables Bolo Biscuits 45G,WAKODO,6.99,0,Japan,Yami,Cookies
Salted Egg Yolk A Mouthful Flaky Pastry 165g,BESTORE,7.99,1,Mainland China,Yami,Cookies
LYFEN Coarse Cereals Crisp Cake Black Four Treasures Flavor 160g,yifen,7.99,0,Mainland China,Yami,Cookies
LYFEN Coarse Cereals Crisp Cake Black Four Treasures Flavor 160g,yifen,7.99,0,Mainland China,Yami,Cookies
Butter Roast Bread Slice 26pc,GATEAU FESTA HARADA,19.9,0,Japan,Yami,Cookies
Alpine Potato Barbecue Flavor 205g,BESTORE,7.99,0,Mainland China,Yami,Cookies
Mega Burn Rose Hips Essence Reduced Fat Pill 60Grains,POLA,159.99,0,Japan,Yami,Cookies
Puffed Food Fandwich Roll Yolk Flavor160g,CHANGBIWANG,11.99,1,Mainland China,Yami,Cookies
Pepper Flavored Snack 320g,zhiweiguan,9.99,0,Mainland China,Yami,Cookies
Salted Egg Yolk Malt Biscuits Breakfast Snacks 102g,BESTORE,6.99,0,Mainland China,Yami,Cookies
Rock Hot Chili Squid Flavor 50g,Lay's,4.99,0,Mainland China,Yami,Cookies
Matcha Sandwich Biscuits 102g,BESTORE,6.99,1,Mainland China,Yami,Cookies
Thai Tea Mochi 120g,ROYAL FAMILY,8.99,0,Taiwan,Yami,Cookies
[China Direct Mail] Jiashili mini fruity mini biscuits and orange sandwich 85g,GDJSL,5.9,0,Mainland China,Yami,Cookies
Huangshan Spicy Crispy Pancakes 125g,Huijiujia,5.95,0,Mainland China,Yami,Cookies
LYFEN Coarse Cereals Crisp Cake Jujube Chinese Wolfberry Flavor 160g,yifen,7.99,0,Mainland China,Yami,Cookies
Double Chocolate Roast Bread 5pc,GATEAU FESTA HARADA,21.99,0,Japan,Yami,Cookies
Salted Egg Yolk Malt Biscuits Breakfast Snacks 102g,BESTORE,6.99,0,Mainland China,Yami,Cookies
Rock Hot Chili Squid Flavor 50g,Lay's,4.99,0,Mainland China,Yami,Cookies
Matcha Sandwich Biscuits 102g,BESTORE,6.99,1,Mainland China,Yami,Cookies
[China Direct Mail] Jiashili mini fruity mini biscuits and orange sandwich 85g,GDJSL,5.9,0,Mainland China,Yami,Cookies
[China direct mail] Jiashili mini fruit music fruit flavor mini sandwich biscuits strawberry flavor sandwich office casu,GDJSL,5.9,0,Mainland China,Yami,Cookies
Double Chocolate Roast Bread 5pc,GATEAU FESTA HARADA,21.99,0,Japan,Yami,Cookies
Various Grain Biscuits (Peanuts) 70g,HEALTHY CLUB,6.99,0,Japan,Yami,Cookies
Beauty Style Megakatto Value Pack 2.9g*30pc,POLA,139.99,0,Japan,Yami,Cookies
White Shot Inner Lock Ix 180 Tablets And The Tablet Refill 180 Tablets,POLA,518,0,Japan,Yami,Cookies
Mega Burn Rose Hips Essence Reduced Fat Pill 180Grains,POLA,239.99,0,Japan,Yami,Cookies
Noi Fun Stick 20g,TONG GARDEN,8.99,1,Malaysia,Yami,Cookies
WANGWANG Spicy people Xianbei biscuit Spicy 82g,WANT WANT,5.49,0,Taiwan,Yami,Cookies
[China direct mail] Jiashili mini fruit music fruit flavor mini biscuits blueberry sandwich 85g,GDJSL,5.9,0,Mainland China,Yami,Cookies
Ace Cracker 121g,HAITAI,2.99,0,Korea,Yami,Cookies
Sea Salt and Vegetable Oil Millet Biscuits 130g,NOMURA,5.99,0,Japan,Yami,Cookies
Milk Coco Roast Bread 5pc,GATEAU FESTA HARADA,21.99,0,Japan,Yami,Cookies
Noi Real Sweet Potato Stick 20g,TONG GARDEN,6.99,1,Malaysia,Yami,Cookies
Sakura Flavor 8pc,tokyo rusk,15.5,0,Japan,Yami,Cookies
YEN SHIN-FA Pastry Peanuts Sun Cake 50g*10,YEN SHIN FA COOKIES,36.99,7,Taiwan,Yami,Cookies
Peanut cake 50g*10,YEN SHIN FA COOKIES,36.99,7,Taiwan,Yami,Cookies
Japanese Chocolate Cookies Gift Box 37pc,ISHIYA SEIKA,56.99,2,Japan,Yami,Cookies
Shortbread Cookies Rice and Matcha Flavor 144g,JZJT,6.99,2,Mainland China,Yami,Cookies
Shortbread Cookies Coconut Milk Flavor 144g,JZJT,6.99,1,Mainland China,Yami,Cookies
Peanut Flavor Sun Cake Pastry 6pc,YEN SHIN FA COOKIES,26.99,1,Taiwan,Yami,Cookies
Raisin Sandwich Cookies 102g,BOURBON,3.89,3,Japan,Yami,Cookies
Imperial Palace Fried Round Cookies 150g,IMPERIAL PALACE,2.99,1,Mainland China,Yami,Cookies
Cashew Cookies 600g,Dao Xiang Cun,4.99,3,Mainland China,Yami,Cookies
RC04 Baby Cookies-Rich Milk Flavor 300g,Sugar & Spice,32.99,2,Taiwan,Yami,Cookies
Japanese Cookies Gift Box,Morozoff,18.99,0,Japan,Yami,Cookies
RC03 Baby Cookies-Sea Salt Chocolate,Sugar & Spice,32.99,1,Taiwan,Yami,Cookies
milk Cookies 100g,WANT WANT,2.49,0,Taiwan,Yami,Cookies
"Cookies, Imported Sandwich Vanilla Cream 150g",BISCOFF,6.99,0,United States,Yami,Cookies
TK FOOD Black Sugar Thousand Layers Cookies 120g,TKFOOD,2.19,57,Taiwan,Yami,Cookies
SHIROI KOIBITO White Lover Chocolate Cookies (12pcs White Chocolate 12pcs Milk Chocolate),ISHIYA SEIKA,35.99,18,Japan,Yami,Cookies
MOEGINO Cookies 60pcs 471g,TIVOLI TIVON,18.99,1,Japan,Yami,Cookies
TK FOOD Sha Cha Pepper Shrimp Cookies 150g,TKFOOD,4.99,10,Taiwan,Yami,Cookies
Butter Coconut Cookies 150g,LUCKY,1.49,44,Taiwan,Yami,Cookies
Sheung Wan Butter and Coffee  Cookies 320g,Jenny Bakery,38.9,39,Hong Kong,Yami,Cookies
Sheung Wan 4 mix butter Cookies 320g,Jenny Bakery,38.9,33,Hong Kong,Yami,Cookies
Mini Cookies Mocha Flavor 80g,Moranca,4.29,103,Mainland China,Yami,Cookies
Fried Cookies Milk Flavor 115g,IMEI,1.99,98,Taiwan,Yami,Cookies
Sheung Wan Butter Cookies 320g,Jenny Bakery,38.9,27,Hong Kong,Yami,Cookies
Milk Cookies 80.4g,FURUTA,2.49,33,Japan,Yami,Cookies
Pie Cookies Matcha Flavor 160g (Random Delivery of 2 Packaging),ROYAL FAMILY,2.99,34,Taiwan,Yami,Cookies
Shaped Chocolate Cookies 78g,HELLO KITTY,5.49,5,Japan,Yami,Cookies
TK FOOD Black Pepper Salted Egg Yolk Cookies 100g,TKFOOD,2.99,7,Taiwan,Yami,Cookies
Hello Panda Cookies filled with Matcha Creme 60g,MEIJI,1.19,30,Japan,Yami,Cookies
CONFETTI California Rum Grape Cookies 5pc 130g,MR.ITO,5.49,21,Japan,Yami,Cookies
MARGARET COOKIES Soft Cookies with Nuts 12packs 264g,LOTTE Korea,3.49,21,Korea,Yami,Cookies
Bear Cookies Milk Flavor 5pk,Biskitop,1.59,17,Indonesia,Yami,Cookies
Cookies Chocolate Flavor 5pk,Biskitop,1.59,16,Indonesia,Yami,Cookies
Green Tea & Red Bean Cookies 90g,BESTORE,2.99,15,Mainland China,Yami,Cookies
TK FOOD Purple Sweet Potato Cookies 100g,TKFOOD,2.99,12,Taiwan,Yami,Cookies
SHENG Cream Cookies 180g,TRIKOFOODS,2.99,12,Taiwan,Yami,Cookies
Chocolate cream cookies 102g,SHOEI DELICY,4.29,7,Japan,Yami,Cookies
Crispy Cookies 168g,HAIYU,2.89,52,Mainland China,Yami,Cookies
Sesame Cookies 200g,JINGYIZHEN,4.19,8,Mainland China,Yami,Cookies
Coconut Matcha Cookies 128g,NISSIN,2.39,3,Japan,Yami,Cookies
Cookies White Peach Flavor,COCO,4.29,1,Thailand,Yami,Cookies
Crispy Cookies 168g,HAIYU,2.89,45,Mainland China,Yami,Cookies
Dress Paiette Cheesecake Cookies 51g,SHOEI DELICY,3.19,45,Japan,Yami,Cookies
Peachake Cookies 500g,BAICHEN,8.99,0,Mainland China,Yami,Cookies
Money Cookies 6pk,JKC,35.99,1,Taiwan,Yami,Cookies
Sandwich Cookies 15pcs,NAKAYAMA,18.99,1,Japan,Yami,Cookies
Crispy Cookies 168g,HAIYU,2.89,35,Mainland China,Yami,Cookies
Mini Chocolate Cookies Sandwich 47g,BOURBON,1.69,21,Japan,Yami,Cookies
Sesame Cookies 200g,mage's,5.99,14,Mainland China,Yami,Cookies
Kuma Chestnut Cookies 133g,FUJIYA,4.99,15,Japan,Yami,Cookies
French Cookies Peanut 85g,HSUFUCHI,2.29,10,Hong Kong,Yami,Cookies
Country Ma'am Vanilla & Green Tea Uji-Kintoki Cookies,FUJIYA,3.29,16,Japan,Yami,Cookies
Seweed Cookies 200g,JINGYIZHEN,4.29,11,Mainland China,Yami,Cookies
MARGARET COOKIES Soft Cookies with Nuts 396g,LOTTE Korea,5.49,14,Korea,Yami,Cookies
French Cookies Taro 85g,HSUFUCHI,2.29,6,Hong Kong,Yami,Cookies
Porcini Gouda Cookies 10pcs,TOKYO MILK CHEESE FACTORY,19.99,22,Japan,Yami,Cookies
SHENG Coconut Cream Cookies 180g,TRIKOFOODS,2.99,13,TRIKOFOODS,Yami,Cookies
Chocolate Square Cookies 230g,JJ BAKERY,6.99,28,United States,Yami,Cookies
WANWEI Crispy Sesame Cookies 200g,TAIWAN NICE,3.79,5,Taiwan,Yami,Cookies
Marie Sand Cookie Afternoon Tea Lemon Tea Sandwich Cookies Limited Edition 8pcs,MORINAGA,3.59,0,Japan,Yami,Cookies
Taiwan Milk Tea Cookies (24pc/box) 312g,Kuo Yuan Ye,22.99,13,Taiwan,Yami,Cookies
Chocolate Cookies Gift Box 60pc 319g,BOURBON,8.99,5,Japan,Yami,Cookies
GUANSHENGYUAN Crisp Cookies 215g,guanshengyan,3.99,5,Mainland China,Yami,Cookies
Cream Egg Cookies Black Sesame 152g,TIPO,3.39,12,Vietnam,Yami,Cookies
Butter Cookies Christmas Edition 907g,ROYAL DANISH,12.99,2,Denmark,Yami,Cookies
Holiday Cookies Assorted Flavor (Coconut+Original+Chocolate Flavor)464.7g,ITO,7.99,0,Japan,Yami,Cookies
KITAMISUZUKI Peppermint Cookies 7pcs 73.5g,KITAMI SUZUKI,6.29,7,Japan,Yami,Cookies
Delicious Cookies and egg rolls Selection 300g,BOURBON,19.99,0,Japan,Yami,Cookies
LIZHOU Salty Cookies 120g,LAP CHAU,2.99,5,Hong Kong,Yami,Cookies
Pie Cookies - Matcha 120g,ROYAL FAMILY,2.49,28,Taiwan,Yami,Cookies
Green Tea Cookies 230g,JJ BAKERY,6.99,76,United States,Yami,Cookies
Pie Cookies - Banana 119g,ROYAL FAMILY,2.49,20,Taiwan,Yami,Cookies
Durian Cream egg Cookies 300g 30pcs,TIPO,6.99,49,30packs,Yami,Cookies
Cream Egg Cookies 300g 30pcs,TIPO,6.99,25,30pcs,Yami,Cookies
TK FOOD Wheat Fiber Thousand Layers Cookies 120g,TKFOOD,1.59,34,Taiwan,Yami,Cookies
TK FOOD Seaweed Thousand Layers Cookies 120g,TKFOOD,1.59,16,Taiwan,Yami,Cookies
Walnut Square Cookies 230g,JJ BAKERY,6.99,19,United States,Yami,Cookies
Butterfly Cookies 150g,GOURMET FARM,1.99,20,Mainland China,Yami,Cookies
Shio Butter Cookies 137g,TAKARA,3.79,4,Japan,Yami,Cookies
Almond cookies 140g,JJ BAKERY,6.99,13,United States,Yami,Cookies
Cream Egg Cookies Black Sesame Chocolate 152g,TIPO,3.39,13,Vietnam,Yami,Cookies
Mini Cookies Salted Egg Yolk Flavor 80g,Moranca,3.89,245,Mainland China,Yami,Cookies
Okinawa Brown Sugar Cookies 147g,FURUTA,4.99,10,Japan,Yami,Cookies
Coffee Espresso Flavor Cookies 12pcs,SANRITSU,3.49,5,Japan,Yami,Cookies
Sand White Cream Cookies 198g,ORION,3.99,2,Korea,Yami,Cookies
CHANGSONG Brown Sugar Flavored Bake Cookies120g,TAIWANCHANGSONG,3.29,3,Taiwan,Yami,Cookies
Cookies Gift Box 350g,Taiwan Yougoods School of Cookie,23.99,1,Taiwan,Yami,Cookies
Handmade Butter Cookies 14pc,BOURBON,2.49,19,Japan,Yami,Cookies
Salted Egg Yolk Cookies 120g,CHUCHUANGBENJIA,2.69,9,Mainland China,Yami,Cookies
Sweet Potato Cookies 300g,Liancheng,6.49,3,Taiwan,Yami,Cookies
Kyoto Matcha Cookies 147g,FURUTA,4.99,22,Japan,Yami,Cookies
Couque D’asses Matcha Cookies 12pcs,SANRITSU,3.49,126,Japan,Yami,Cookies
Gosomi Cookies Sesame Flavor 216g,ORION,5.89,87,Korea,Yami,Cookies
Couque D’asses White Chocolate Cookies 12pcs,SANRITSU,3.49,98,Japan,Yami,Cookies
Pie Cookies - Choco 120g,ROYAL FAMILY,2.49,38,Taiwan,Yami,Cookies
Walnut Cookies 200g,Cheng Fu Tang,2.09,39,Taiwan,Yami,Cookies
TK FOOD Flamin' Red Hot Salted Egg Cookies Sichuan Flavor 150g,TKFOOD,4.99,19,Taiwan,Yami,Cookies
Couque D’asses Chocolate Cookies 92.4g,SANRITSU,3.49,20,Japan,Yami,Cookies
Coconut Town Coconut Cookies 150g,椰乡春光,3.99,22,Mainland China,Yami,Cookies
GATEAU Selection Cookies and Wafers 30 pcs 224g,BOURBON,11.99,0,Japan,Yami,Cookies
Yuja Cheesecake Cookies 190g,CW,5.99,7,Korea,Yami,Cookies
Strawberry Brownie Sandwich Cookies  70g,ASAHI,3.69,8,Japan,Yami,Cookies
Bear Cookies Melon Flavor 5pk,Biskitop,1.59,13,Indonesia,Yami,Cookies
CHANGSONG Original Flavored Bake Cookies 120g,TAIWANCHANGSONG,3.29,11,Taiwan,Yami,Cookies
Cookies Egg Flavor,COCO,4.29,1,Thailand,Yami,Cookies
KITAMISUZUKI Peppermint Cookies Chocolate 7pcs 77g,KITAMI SUZUKI,6.29,5,Japan,Yami,Cookies
Furano Melon Cookies,KITAMI SUZUKI,9.99,0,Japan,Yami,Cookies
Cranberry Cookies 90g,Feierxue,2.89,1,Mainland China,Yami,Cookies
Egg Yolk Cookies 100g,BEATLES,3.29,0,Mainland China,Yami,Cookies
Red Bean Job's tears Seed Cookies 100g,MushroomStorm,9.99,5,Mainland China,Yami,Cookies
Panda Strawberry Cookies 47g,KABAYA,3,2,Japan,Yami,Cookies
Chocolate Cookies Large Cup 1000g,TTL,9.99,43,Mainland China,Yami,Cookies
Quadratini Bite Size Wafer Cookies Chocolate Flavor 250g,LOACKER,5.29,32,Itlay,Yami,Cookies
Quadratini Bite Size Wafer Cookies Hazelnut Flavor 250g,LOACKER,5.29,68,Itlay,Yami,Cookies
Original Eggrolls Cookies 384g,Serena,13.99,1,Taiwan,Yami,Cookies
PEANUT WHEAT COOKIES,MILAOTOU,4.39,2,Mainland China,Yami,Cookies
"Japan Baby Toddler DHA Teether Snack, Corn Cookies, 12mo+",WAKODO,5.99,0,Japan,Yami,Cookies
Sesame Wheat Cookies 400g,MILAOTOU,4.39,5,Mainland China,Yami,Cookies
"Japan Baby Toddler DHA Teether Snack, Fish Cookies, 16mo+",WAKODO,5.99,0,Japan,Yami,Cookies
"Japan Baby Toddler Food Calcium Teether Cracker Cookies, Sweet Potato, 9mo+",WAKODO,5.99,0,Japan,Yami,Cookies
Milk Cookies 150g,Chu Lu,9.49,0,Taiwan,Yami,Cookies
Quadratini Bite Size Wafer Cookies Express Flavor 220g,LOACKER,5.29,39,Itlay,Yami,Cookies
Sesame Wheat Cookies 400g,MILAOTOU,4.39,5,Mainland China,Yami,Cookies
"Japan Baby Toddler DHA Teether Snack, Fish Cookies, 16mo+",WAKODO,5.99,0,Japan,Yami,Cookies
"Japan Baby Toddler Food Calcium Teether Cracker Cookies, Sweet Potato, 9mo+",WAKODO,5.99,0,Japan,Yami,Cookies
Milk Cookies 150g,Chu Lu,9.49,0,Taiwan,Yami,Cookies
Quadratini Bite Size Wafer Cookies Express Flavor 220g,LOACKER,5.29,39,Itlay,Yami,Cookies
Quadratini Bite Size Wafer Cookies Matcha Green Tea 220g,LOACKER,4.99,0,Itlay,Yami,Cookies
Assam Cookies & Cream Milk Tea 300ml*6,T.GRAND,5.99,1,Taiwan,Yami,Cookies
"Japan Baby Toddler Food Calcium Teether Cracker Cookies, Vegetable, 7mo+",WAKODO,5.99,0,Japan,Yami,Cookies
【Year of Tiger】【Limited Edition】Food Lucky Bag,Yami,68.88,1,United States,Yami,Cookies
Flower-Shped Jujube Puff Cake 210g,Dao Xiang Cun,5.49,186,Mainland China,Yami,Cookies
Toasted Bread Slice Spicy Flavor 308g,YUMEI,3.29,197,Mainland China,Yami,Cookies
Sun Cake 300g,SUN BOOTH,6.99,359,Taiwan,Yami,Cookies
Royce New Year Spring Chocolate Gift Set,ROYCE,32.99,1,Japan,Yami,Cookies
Fresh Fish Bone Crisp 120g,Hi Walk,12.99,1,Taiwan,Yami,Cookies
Mire Biscuits Coffee Fumi 70g,NOMURA,1.59,1,Japan,Yami,Cookies
Hello Panda Chocolate Valentine's day special edition 283g,MEIJI,3.59,0,Japan,Yami,Cookies
Milk Cracker Snack 30g,GLICO,1.69,0,Japan,Yami,Cookies
1mm Thin Cracker Green Onion Flavor 285g,SILANG,5.29,0,Mainland China,Yami,Cookies
Butter Waffles 316g,CROWN,5.99,272,Korea,Yami,Cookies
Ishiya Winter Chocolate Waffle 12 Pcs,ISHIYA SEIKA,42.99,1,Japan,Yami,Cookies
New Year Lion Chocolate,ROYCE,13.99,0,Japan,Yami,Cookies
Marron Cookie  12pc 68.4g,FURUTA,2.09,3,Japan,Yami,Cookies
Spring Festival Pastry Gift Box 252g,Kuo Yuan Ye,32.99,2,Taiwan,Yami,Cookies
Oyatsu Mire Biscuits 500g,NOMURA,9.99,3,Japan,Yami,Cookies
Chiisana Melon Pan Cookie 41g,KABAYA,1.99,1,Japan,Yami,Cookies
Imperial Palace Salted Cracker 180g,IMPERIAL PALACE,3.69,1,Mainland China,Yami,Cookies
CHANGSONG Biscuit Milk Flavor 230g,TAIWANCHANGSONG,7.99,247,Taiwan,Yami,Cookies
Spring Festival Lucky Gift Box 351g,Kuo Yuan Ye,43.99,3,Taiwan,Yami,Cookies
PETITE Kimetsu Agemaru 47g,BOURBON,1.49,0,Japan,Yami,Cookies
Christmas Limited Edition Apple Cream Biscuit 7pcs 84g,HEART,7.99,6,Japan,Yami,Cookies
Tanita Shokudo Calorie Style 160g,KABAYA,8.99,1,Japan,Yami,Cookies
Ball Cake Cookie 210g,WANT WANT,4.29,248,Taiwan,Yami,Cookies
ALFORT MINI CHOCOLATE CRACKERS 59g,BOURBON,1.99,1,Japan,Yami,Cookies
Peacock Biscuit 135g,Peacock Brand Herbs,3.49,0,Mainland China,Yami,Cookies
Durian Pancake,LIULIANXIASHI,3.69,8,Mainland China,Yami,Cookies
Multi-nut Pancake 320g,IMEI,19.99,1,Taiwan,Yami,Cookies
Black Truffle Cheese Biscuits 10pc,TOKYO MILK CHEESE FACTORY,19.99,2,Japan,Yami,Cookies
【BOURBON X Demon Slayer: Kimetsu no Yaiba】Petite Shittori Choco Cookie 57g,BOURBON,1.69,3,Japan,Yami,Cookies
Seaweed Saltine Cracker 140g,ZHONGXIANG,2.59,15,Taiwan,Yami,Cookies
Almond Cookie 49g,BOURBON,1.89,3,Japan,Yami,Cookies
Almond Cakes 400g,Choi Heong Yuen Bakery,16.99,0,Macao,Yami,Cookies
Coffee Joy Coffee Biscuits 142g,MAYORA,1.79,1,Denmark,Yami,Cookies
Chips Ahoy! Prince Chocolate Cookie 85g,DANONE,2.89,0,Mainland China,Yami,Cookies
Top Yami Picks from Christine Ha,OTHER BRANDS,49.99,0,N/A,Yami,Cookies
JoyJoy Golden Cake Gift Set 240g,JoyJoy,38.99,2,Taiwan,Yami,Cookies
Sun Friend Chia Seed Spirulina & Spring Onion Cracker,SUN FRIEND,6.99,0,Taiwan,Yami,Cookies
【BOURBON X Demon Slayer: Kimetsu no Yaiba】Petite Potato Usushio 45g,BOURBON,1.69,4,Japan,Yami,Cookies
Evergreen Biscuit 400g,SANNIU,3.79,248,Mainland China,Yami,Cookies
【BOURBON X Demon Slayer: Kimetsu no Yaiba】Petite Ebi 38g,BOURBON,1.69,5,Japan,Yami,Cookies
【BOURBON X Demon Slayer: Kimetsu no Yaiba】Petite Umashio Pretzel 44g,BOURBON,1.69,4,Japan,Yami,Cookies
【BOURBON X Demon Slayer: Kimetsu no Yaiba】Petite Choco Langue De Chat 47g,BOURBON,1.69,2,Japan,Yami,Cookies
Salted Egg Shrimp Crackers Original Flavor 70g,Dayanxia,4.99,23,Taiwan,Yami,Cookies
【BOURBON X Demon Slayer: Kimetsu no Yaiba】Petite Kokuto Kinako Wafer 42g,BOURBON,1.69,2,Japan,Yami,Cookies
Salty Crisp Sandwich Cream & Cheese Flavor 80g,MASTER KONG,1.69,65,Mainland China,Yami,Cookies
Longjin Mung Bean Cake150g,zhiweiguan,6.99,101,Mainland China,Yami,Cookies
Mini Assorted Almond Cakes 165g,Choi Heong Yuen Bakery,7.89,0,Macao,Yami,Cookies
Every Almond Biscuit&White Choco 58.8g,YBC,3.49,1,Japan,Yami,Cookies
Longjin Green Tea Cake 150g,zhiweiguan,6.99,144,Mainland China,Yami,Cookies
Creamy Fresh Yogurt Filling Biscuit 12Pcs 204g,HAITAI,3.99,402,Korea,Yami,Cookies
Caramel Corn Snack 53g,TOHATO,2.89,2,Japan,Yami,Cookies
Sesame Chocolate Butter Cookie 9/box 225g,JD Gift,39.99,4,Taiwan,Yami,Cookies
Aerial Noko Cheddar Cheese Flavor 70g,HACHIMITSU,2.29,2,Japan,Yami,Cookies
Raisinne Butter Flavor 120g,BOURBON,6.99,1,Japan,Yami,Cookies
