Product_Name,Brand,Reviews,Price,Option,Rate,Origin,Platform,Category,Sold_Weekly,Weekly_Revenue,Sold_Monthly
Milky Jujube Strawberry Flavor 150g,yu cake,7,11.99,4 Options,4.3,United States,Yami,Cake,400,4796,1600
Chewy Cubes Pistachio Flavor,yu cake,2,12.99,No,4.5,United States,Yami,Cake,400,5196,1600
Milky Jujube Matcha Flavor 150g,yu cake,32,11.99,4 Options,4.7,United States,Yami,Cake,400,4796,1600
Beijing Wheat Flour Cake 210g,dao xiang cun,180,5.99,No,4.7,Mainland China,Yami,Cake,300,1797,1200
Mini Baked Wheat Baum Kuchen Cake 10pc 270g,marukin,536,6.49,5 Options,4.6,Japan,Yami,Cake,300,1947,1200
DXC Mung Bean Cake 180g,dao xiang cun,631,6.89,2 Options,4.7,Mainland China,Yami,Cake,300,2067,1200
Rice Cake 17.6 oz,jing hua fang,111,3.99,No,4.5,Mainland China,Yami,Cake,400,1596,1600
DXC Wife Cake Honey Flavor 210g,dao xiang cun,124,7.29,2 Options,4.6,Mainland China,Yami,Cake,300,2187,1200
Spicy Rice Cake Sticks Snack 230g,haitai,301,3.49,2 Options,4.5,Korea,Yami,Cake,300,1047,1200
Cup Rice Cake Spicy Carbonara 140g,wellheim,16,2.99,No,4.5,Korea,Yami,Cake,400,1196,1600
Egg Flavor Soft Flour Cake 608g,jingyizhen,151,5.99,4 Options,4.9,Mainland China,Yami,Cake,300,1797,1200
Oreo Cookie and Cream Pie Cake 360g,haitai,130,4.99,No,4.7,Korea,Yami,Cake,300,1497,1200
Avocado Cake 252g,sanweisuwu,144,18.49,No,4.6,Mainland China,Yami,Cake,400,7396,1600
Japanese Kit Kat Cheese Cake Chocolate Wafer 9pc,nestle,5,6.99,No,5,Japan,Yami,Cake,400,2796,1600
Walnut Crisp Cake 650g,dao xiang cun,1,19.99,No,5,Mainland China,Yami,Cake,200,3998,800
Banana Petit Cake 6pcs 85g,marukin,1,3.39,No,4,Japan,Yami,Cake,400,1356,1600
Castella Japanese Style Baked Sponge Cake Matcha Flavor 7 Slices 280g,imuraya,123,6.99,4 Options,4,Japan,Yami,Cake,400,2796,1600
Rice Cake Stick 600g,other brands,8,3.59,No,4.9,Unclear,Yami,Cake,400,1436,1600
Pia Durian Cake Egg Yolk Taro Mung Bean Flavor 400g,thien sa,14,5.69,2 Options,4.6,Vietnam,Yami,Cake,400,2276,1600
Baked Cake-Roll Cake(Nama Baumkuchen)  295g,marukin,126,4.99,No,4.6,Japan,Yami,Cake,400,1996,1600
Chocolate and Milk Cake,gaolegao,11,11.99,2 Options,5,Mainland China,Yami,Cake,25,300,100
Japan Mocchiri Lemon Cake 7 PCS 119g,todaya,1,5.99,No,5,Mainland China,Yami,Cake,400,2396,1600
DXC Wife Cake Brown Sugar Flavor 210g,dao xiang cun,147,7.29,2 Options,4.6,Mainland China,Yami,Cake,300,2187,1200
Taiwanese Black Date And  Walnut Cake 350g,cherry grandfather,48,25.99,No,4.9,Taiwan,Yami,Cake,200,5198,800
Rice Cake Topokki Original Spicy 142g,wellheim,8,2.99,No,4,Korea,Yami,Cake,400,1196,1600
Castella Japanese Style Baked Sponge Cake Original Flavor 7 Slices 280g,imuraya,99,6.99,4 Options,4.3,Japan,Yami,Cake,400,2796,1600
TK FOOD Taiwan Pineapple Cake 180g,tkfood,144,3.49,No,4.4,Taiwan,Yami,Cake,400,1396,1600
Pineapple Cake Mango Flavor 190g,hsufuchi,206,4.59,4 Options,4.7,Taiwan,Yami,Cake,300,1377,1200
Royal Family Bubble Milk Tea Cake 600g,royal family,0,16.99,No,0,Taiwan,Yami,Cake,400,6796,1600
Milk Cake 195g,huamei,22,3.99,No,5,Mainland China,Yami,Cake,25,100,100
Custard Lava Cake 2pc 100g,zhiweiguan,98,8.19,No,4.6,Mainland China,Yami,Cake,400,3276,1600
"ch??nh hi???u  ""Minh Ngoc"" Green Bean Cake         8.4 oz.",minh ngoc,0,4.49,No,0,Vietnam,Yami,Cake,400,1796,1600
Baolaifa Brown Sugar Rice Cake -Original 550g,?????????,3,21.99,No,5,Taiwan,Yami,Cake,400,8796,1600
Cashew Crisp Cake 650g,dao xiang cun,2,19.99,No,5,Mainland China,Yami,Cake,200,3998,800
"ch??nh hi???u  ""Minh Ngoc"" Green Bean Cake      12.95 oz.",minh ngoc,0,5.99,No,0,Vietnam,Yami,Cake,400,2396,1600
Southern Date and Walnut Cake 80g,zest nova,0,3.59,No,0,Mainland China,Yami,Cake,400,1436,1600
Half Baked Lava Custard Cake 180g,chikodo,0,6.89,No,0,Mainland China,Yami,Cake,200,1378,800
Cup Rice Cake 153g,haitai,0,2.89,No,0,Korea,Yami,Cake,400,1156,1600
Milk Cake High Calcium 400g,gold fuji,0,4.59,No,0,Mainland China,Yami,Cake,400,1836,1600
ch??nh hi???u  Green Bean Cake (Durian Flavor 10.5 oz.,minh ngoc,0,5.89,No,0,Vietnam,Yami,Cake,400,2356,1600
Butter Flavored Cake Bread 50g,d-plus,12,1.49,No,4.6,Japan,Yami,Cake,25,37,100
?€?Frozen?€?Peking Leek Cake,old town,1,4.99,No,3,Mainland China,Yami,Cake,400,1996,1600
Mung Bean Cake Brown Sugar Bubble Flavor 22g*9,wholesome,0,21.99,No,0,Taiwan,Yami,Cake,400,8796,1600
Nuts Soft Flour Cake Brown Sugar Flv 384g TW,jjf,0,5.89,No,0,Taiwan,Yami,Cake,25,147,100
"Soft Flour Cake, Brown Sugar Flavor 300g TW",jjf,0,2.99,No,0,Taiwan,Yami,Cake,25,75,100
Black Sugar Plum cake 50g,ume house,10,4.59,No,4.9,Mainland China,Yami,Cake,400,1836,1600
WANG Rice Cake Soup 177g,wang food,70,3.69,No,4.5,Korea,Yami,Cake,400,1476,1600
Sun Cake 300g,tachia master,0,18.99,No,0,Mainland China,Yami,Cake,400,7596,1600
Robert's Cake Cheese Flavor 220g,huamei,52,3.99,2 Options,4.9,Mainland China,Yami,Cake,25,100,100
Strawberry Flavor Chocolate Layer Cake,gaolegao,12,11.99,2 Options,4.3,Mainland China,Yami,Cake,25,300,100
Precieux white chocolate Covered Lemon Cake 10pcs,chen yun pao chuan,8,26.99,No,4.6,Taiwan,Yami,Cake,200,5398,800
Mini Roll Cake Chocolate Flavor 70g,bourbon,7,2.99,3 Options,4.6,Japan,Yami,Cake,25,75,100
Half Baked Lava Custard Cake 180g,chikodo,0,6.89,No,0,Mainland China,Yami,Cake,200,1378,800
?€?Frozen?€?Brown Sugar Sticky Rice Cake 260g,xkf,1,3.69,No,5,Mainland China,Yami,Cake,400,1476,1600
FENGDAN Taiwanese Black Date And  Walnut Cake 220g,favor desserts,24,19.99,No,5,Taiwan,Yami,Cake,200,3998,800
Yuzu Flavore Cake Bread 50g,d-plus,10,1.49,No,4.6,Japan,Yami,Cake,25,37,100
Castella Japanese Style Baked Sponge Cheese Cake 7pcs 280g,imuraya,74,6.99,4 Options,4.2,Japan,Yami,Cake,400,2796,1600
HSIN TUNG YANG Mung Bean Cake 15Pieces 150g,hsintungyang,62,6.89,No,3.9,Taiwan,Yami,Cake,25,172,100
?€?Frozen?€?Rice Cake(Dukbokki)1.5lb,dafeng,0,2.69,No,0,Mainland China,Yami,Cake,25,67,100
Sesame Flour Cake 360g,hsintungyang,25,3.99,3 Options,3.6,Taiwan,Yami,Cake,25,100,100
Vegetarian Mung Bean Durian Cake 400g,3-mien,0,5.69,No,0,Vietnam,Yami,Cake,300,1707,1200
DXC Soft Flour Cake Brown Suger 454g,dao xiang cun,56,7.49,3 Options,4.6,Mainland China,Yami,Cake,300,2247,1200
MEIHUASIANG Sticky Rice Cake 480g,mei hua siang,8,3.59,7 Options,5,Taiwan,Yami,Cake,400,1436,1600
Pia Durian Cake Egg Yolk Mung Bean Flavor 400g,thien sa,8,5.69,2 Options,4,Vietnam,Yami,Cake,400,2276,1600
"Soft Flour Cake, Egg Flavor 300g",jjf,0,2.99,No,0,Taiwan,Yami,Cake,25,75,100
Original Faff Cake 64g,kaluokaman,0,1.69,No,0,Mainland China,Yami,Cake,400,676,1600
Puffed Black Bean Rice Cake125g,nonghyup,11,3.69,2 Options,4.5,Korea,Yami,Cake,400,1476,1600
Strawberry Cake 184g,royal family,3,2.99,4 Options,3.7,Taiwan,Yami,Cake,400,1196,1600
Japanese Plum Cake 80g,yifen,2,4.89,No,5,Mainland China,Yami,Cake,400,1956,1600
Butter Cake 210g,huamei,14,4.59,No,4.9,Mainland China,Yami,Cake,25,115,100
AOMORI ROUGEA Apple Pound Cake 8pc,sato arpajon,0,34.99,No,0,Japan,Yami,Cake,400,13996,1600
OH! YES Choco Cake 12pieces 336g,haitai,66,4.29,No,4.5,Korea,Yami,Cake,400,1716,1600
SHIRAKIKU Rice Cake Azuki Daifuku Mochi With Red Bean Paste Filling 8Pc,shirakiku,10,3.99,No,4.5,Japan,Yami,Cake,400,1596,1600
Tachia Master Sun Cake 600g,tachia master,0,39.99,No,0,Mainland China,Yami,Cake,400,15996,1600
Chan Pui Mui Preserved Plum Cake 70g,ume house,24,4.99,No,4.9,Mainland China,Yami,Cake,400,1996,1600
NICE CHOIE Green Tea Cake 227g,nice choice,11,2.99,No,2.9,Taiwan,Yami,Cake,400,1196,1600
Mini Roll Cake Strawberry Flavor 70g,bourbon,7,2.69,3 Options,3.6,Japan,Yami,Cake,25,67,100
ACE NY CHEESE CAKE FLAVOR 364g,haitai,0,3.99,No,0,Korea,Yami,Cake,400,1596,1600
Taro W Durian Cake 300g,maoshanwang,0,4.49,No,0,Mainland China,Yami,Cake,25,112,100
KIREKA Honey and Match cake gift set 6pc,izumiya,0,19.99,No,0,Japan,Yami,Cake,200,3998,800
Mini Roll Cake Milk Flavor 70g,bourbon,6,2.99,3 Options,4.7,Japan,Yami,Cake,25,75,100
Cheese Cake Sea Salt Flavor 240g,huamei,4,4.99,2 Options,4.8,Mainland China,Yami,Cake,400,1996,1600
Honey Cake 400g,imei,0,8.99,No,0,Taiwan,Yami,Cake,400,3596,1600
SHIRAKIKU Rice Cake Azuki Daifuku Mochi With Red Bean Paste Filling 8Pc,shirakiku,10,3.99,No,4.5,Japan,Yami,Cake,400,1596,1600
Brown Sugar Flour Cake 360g,hsintungyang,30,3.39,3 Options,4.5,Taiwan,Yami,Cake,25,85,100
Tachia Master Sun Cake 600g,tachia master,0,39.99,No,0,Mainland China,Yami,Cake,400,15996,1600
Raisin  Flour Soft Flour Cake 608g,jingyizhen,38,6.99,4 Options,4.9,Mainland China,Yami,Cake,25,175,100
Mini Roll Cake Strawberry Flavor 70g,bourbon,7,2.69,3 Options,3.6,Japan,Yami,Cake,25,67,100
SHIRAKIKU Rice Cake Green Daifuku Mochi With Red Bean Paste Filling 8Pc,shirakiku,2,3.99,No,4,Japan,Yami,Cake,400,1596,1600
Mini Roll Cake Milk Flavor 70g,bourbon,6,2.99,3 Options,4.7,Japan,Yami,Cake,25,75,100
Cheese Cake Sea Salt Flavor 240g,huamei,4,4.99,2 Options,4.8,Mainland China,Yami,Cake,400,1996,1600
Ming Kung Cake,choi heong yuen bakery of macau,1,7.99,No,5,Macao,Yami,Cake,25,200,100
Hot Cake Mix 600g,morinaga,2,8.99,No,5,Japan,Yami,Cake,400,3596,1600
Vegetarian Pineapple Cake 227g,nice choice,10,3.49,No,4.9,Taiwan,Yami,Cake,400,1396,1600
Mango Cake 184g,royal family,26,2.99,4 Options,3.8,Taiwan,Yami,Cake,400,1196,1600
Baked Matcha Chocolate  Cake 186g,colombin,7,19.99,No,4.6,Japan,Yami,Cake,400,7996,1600
Banana Cake 120g,todaya,3,5.49,No,4.7,Mainland China,Yami,Cake,400,2196,1600
Tamago Cake 120g,todaya,1,5.49,No,5,Mainland China,Yami,Cake,400,2196,1600
DAXI Spicy Flavor Tofu Cake 150g,yuxiang,35,1.49,5 Options,3.3,Taiwan,Yami,Cake,400,596,1600
Original Cake 9pc,butter butler,9,20.99,No,4,Japan,Yami,Cake,400,8396,1600
Stone Pot Black Sesame Nut Cake 318g,wanglaowu,2,8.99,No,3.5,Mainland China,Yami,Cake,400,3596,1600
Puffed Rice Cake 125g,nonghyup,9,2.99,2 Options,5,Korea,Yami,Cake,400,1196,1600
Seaweed Flour Cake 360g,hsintungyang,15,3.99,3 Options,3.9,Taiwan,Yami,Cake,25,100,100
Hot Stone Black Sesame Snack 418g,wanglaowu,1,8.49,No,5,Mainland China,Yami,Cake,400,3396,1600
?€?Mainland China Direct Mail?€?Vietnam Huanglong Green Bean Cake 1pcs 10g,dai phu,0,1.2,No,0,Vietnam,Yami,Cake,200,240,800
Pastry Black sesame cake 4 Piece,wufangzhai,0,6.49,No,0,Mainland China,Yami,Cake,400,2596,1600
Pastry Original mung bean cake 4 Pc,wufangzhai,0,6.49,No,0,Mainland China,Yami,Cake,400,2596,1600
LYFEN Coarse Cereals Crisp Cake Black Four Treasures Flavor 160g,yifen,0,7.99,2 Options,0,Mainland China,Yami,Cake,400,3196,1600
Handmade Sticky Rice Cake Matcha Taste150g,bestore,3,6.99,No,5,Mainland China,Yami,Cake,200,1398,800
Red Suger Glutionus Rice Cake 240g,taste of mainland china,0,5.49,No,0,Mainland China,Yami,Cake,400,2196,1600
Handmade Sticky Rice Cake Matcha Taste150g,bestore,3,6.99,No,5,Mainland China,Yami,Cake,200,1398,800
WANG Fish Cake/Sausage Crab Flavor 10PCS,wang food,194,5.99,6 Options,4.1,Korea,Yami,Cake,400,2396,1600
Roll Cake Vanilla 91g,bourbon,9,2.69,No,4.4,Japan,Yami,Cake,25,67,100
Spicy Rice Cake with Noodle 436g,ottogi,80,4.99,No,4.7,Korea,Yami,Cake,400,1996,1600
Ejiao Guyuan Cake Instant Nourishing and Regulating Qi and Blood Individual Vacuum Packing Gift Box 300g,mr fang's store,20,18.99,No,4.9,Mainland China,Yami,Cake,400,7596,1600
Rice Cake 400g,hanheng taste,31,6.59,No,4.4,Mainland China,Yami,Cake,25,165,100
Ejiao Cake 240g*1pc,youlucky,0,39.99,No,0,Mainland China,Yami,Cake,400,15996,1600
Ripe Puer Tea Cake 2020 357g Menghai Southwest Charm,ren xin chang,7,25.99,No,4.9,Mainland China,Yami,Cake,400,10396,1600
Yunnan Menghai Run Banzhang Ripe Puer Tea Cake 357g,ren xin chang,1,31.99,No,5,Mainland China,Yami,Cake,400,12796,1600
Boiled Konjac Noodle 400g,yumei,15,3.5,No,4.5,Mainland China,Yami,Cake,400,1400,1600
Ejiao Cake Instant Handmade 300g Homemade Ejiao Nourishing Lady Qi and Blood Female Gillian Beauty Rose Type,hong ji tang,0,53.9,4 Options,0,Mainland China,Yami,Cake,400,21560,1600
Rose Ejiao Cake 300g Beauty nourishing blood delaying skin aging,qilixiang,0,46.8,No,0,Mainland China,Yami,Cake,400,18720,1600
Ejiao Guyuan Cake 300g Nourishes blood and qi beauty and beauty Nourishes Yin and moistens the lungs,qilixiang,0,39.7,No,0,Mainland China,Yami,Cake,400,15880,1600
Taste of Mainland China Shrimp Cake 454g,taste of mainland china,0,9.99,No,0,Mainland China,Yami,Cake,400,3996,1600
Taste of Mainland China Cuttlefish Cake 454g,taste of mainland china,0,9.99,No,0,Mainland China,Yami,Cake,400,3996,1600
Ejiao Cake Instant Handmade 300g Homemade Ejiao Nourishing Lady Qi and Blood Female Gillian Seven Days Comfort,hong ji tang,0,53.9,4 Options,0,Mainland China,Yami,Cake,400,21560,1600
Ejiao Guijiaotang Ejiao Guyuan Bird's Nest Cake Gift Box 500g,qing yu tang,0,49.9,No,0,Mainland China,Yami,Cake,400,19960,1600
Ejiao Cake Instant Handmade 300g Homemade Ejiao Nourishing Lady Qi and Blood Female Gillian Red Date Wolfberry Type,hong ji tang,0,53.9,4 Options,0,Mainland China,Yami,Cake,400,21560,1600
Electric Whisk Household Baking Tools Mini Handheld New Whipped Cream Maker Cake Mixer White Double Stick,nathome,0,35.6,3 Options,0,Mainland China,Yami,Cake,400,14240,1600
Ejiao Guyuan Bird's Nest Cake Female Nourishing Beauty Nourishing Beauty Nourishing Qi and Blood 300g Box,nanjing tongrentang,0,51.6,No,0,Mainland China,Yami,Cake,400,20640,1600
Red Dates Wolfberry Ejiao Guyuan Cake 20g Nourishing Body Value Pack,qilixiang,0,13.7,No,0,Mainland China,Yami,Cake,400,5480,1600
2022 new barley wet cake instant snack 250g/can dehumidification acne and fire,nanjing tongrentang,0,39.8,No,0,Mainland China,Yami,Cake,400,15920,1600
Ejiao Cake Instant Handmade 300g Insomnia Dreamy and Easy to Wake Jujube Kernel Type,hong ji tang,0,53.9,4 Options,0,Mainland China,Yami,Cake,400,21560,1600
Whisk Electric Household Small Hand-held Mixing Whisk Cream Cake Whisk DDQ-B01U5 Blue Purple,bear,0,52.5,No,0,Mainland China,Yami,Cake,200,10500,800
HONG JI TANG Gelatin Cake Donkey-hide Collagen Cake Nourishing Blood And Beauty Healthy Food 180g,hong ji tang,0,68.99,No,0,Mainland China,Yami,Cake,400,27596,1600
Flower Flower Silk Honey Powder Cake Dry Powder Powder Cake 02 Mist Light Yarn (transparent matte) Makeup Control Oil La,florasis,0,79.9,No,0,Mainland China,Yami,Cake,400,31960,1600
Deer Gum Cake Instant Deer Skin Boiled Multi-nutrient Supplement 240g,tong ren tang,0,67.8,No,0,Mainland China,Yami,Cake,400,27120,1600
Flower seed silk honey powder cake dry powder cake 01 light moon silk (transparent bead light) makeup control oil durabl,florasis,0,79.9,No,0,Mainland China,Yami,Cake,400,31960,1600
Electric Whisk Household Baking Tool Mini Handheld New Whipped Cream Maker Cake Mixer Green Double Stick,nathome,0,35.6,3 Options,0,Mainland China,Yami,Cake,400,14240,1600
HONG JI TANG Gelatin Cake Donkey-hide Collagen Cake Nourishing Blood And Beauty Healthy Food,hong ji tang,0,109.99,No,0,Mainland China,Yami,Cake,400,43996,1600
[Mainland China Direct Mail] Huaxizi Silk Honey Powder Cake 03 Yurou Sha (Natural Thick Light-Silk Road Engraved Edition),florasis,0,79.9,3 Options,0,Mainland China,Yami,Cake,400,31960,1600
Flower silk honey powder cake dry powder cake 03 jade soft yarn (natural silk light - silk road engraving version) makeu,florasis,0,79.9,No,0,Mainland China,Yami,Cake,400,31960,1600
Shrimp Fish Cake Spicy Flavor 92g,bestore,0,7.99,No,0,Mainland China,Yami,Cake,200,1598,800
Electric Whisk Household Baking Tools Mini Handheld New Whipped Cream Maker Cake Mixing,nathome,0,35.6,3 Options,0,Mainland China,Yami,Cake,400,14240,1600
[Mainland China direct mail] Huaxizi silk honey powder cake 01 shallow moon thick (transparent micro pearl),florasis,0,79.9,3 Options,0,Mainland China,Yami,Cake,400,31960,1600
Coco Milky Cookie,yu cake,19,12.99,No,4.8,United States,Yami,Cake,400,5196,1600
Milky Jujube Cocoa Flavor 150g,yu cake,49,11.99,4 Options,4.5,United States,Yami,Cake,400,4796,1600
Chewy Cubes Fig Flavor,yu cake,32,11.99,6 Options,4.9,United States,Yami,Cake,400,4796,1600
Chewy Cubes Oreo Flavor 180g,yu cake,2,12.99,No,4.5,United States,Yami,Cake,400,5196,1600
Handmade Tiger Skin Cake 110g,ranli,555,3.59,No,4.8,Mainland China,Yami,Cake,400,1436,1600
Muffin Family Cake 255g,marukin,192,6.49,No,4.8,Japan,Yami,Cake,400,2596,1600
Pineapple Cake 190g,hsufuchi,528,4.49,4 Options,4.8,Taiwan,Yami,Cake,300,1347,1200
Milky Jujube Cocoa Flavor 150g,yu cake,49,11.99,4 Options,4.5,United States,Yami,Cake,400,4796,1600
Chewy Cubes Fig Flavor,yu cake,32,11.99,6 Options,4.9,United States,Yami,Cake,400,4796,1600
Chewy Cubes Oreo Flavor 180g,yu cake,2,12.99,No,4.5,United States,Yami,Cake,400,5196,1600
Handmade Tiger Skin Cake 110g,ranli,555,3.59,No,4.8,Mainland China,Yami,Cake,400,1436,1600
Muffin Family Cake 255g,marukin,192,6.49,No,4.8,Japan,Yami,Cake,400,2596,1600
Pineapple Cake 190g,hsufuchi,528,4.49,4 Options,4.8,Taiwan,Yami,Cake,300,1347,1200
Royal Tamba Cake 3pcs 159g,chen yun pao chuan,310,6.59,9 Options,4.8,Taiwan,Yami,Cake,300,1977,1200
Classic Seaweed Sugar Cake 120g,ranli,356,3.59,No,4.8,Mainland China,Yami,Cake,400,1436,1600
Ovaltine Flavor Cake Roll 1pc,xianchang,158,2.29,No,4.5,Mainland China,Yami,Cake,400,916,1600
Mixed Cake Gift Box 735g,dao xiang cun,10,19.99,No,4.7,Mainland China,Yami,Cake,200,3998,800
Flower Cake Rose Durian Flavor 210g,xiangguan,51,3.69,4 Options,4.6,Mainland China,Yami,Cake,400,1476,1600
Sesame Cake 150g,yumei,664,3.39,No,4.5,Mainland China,Yami,Cake,400,1356,1600
Sesame Pan Cake 200g,nice choice,6,4.39,4 Options,4.7,Taiwan,Yami,Cake,400,1756,1600
Rice Cake Original Flavor 980g,mei hua siang,3,6.99,7 Options,4.7,Taiwan,Yami,Cake,400,2796,1600
Q Cake 5pcs 600g,saint paul,1,32.99,No,5,Taiwan,Yami,Cake,400,13196,1600
Flower-Shped Jujube Puff Cake 210g,dao xiang cun,189,5.49,No,4.7,Mainland China,Yami,Cake,300,1647,1200
Brown Sugar Sachima Soft Flour Cake 505g,jingyizhen,265,4.99,No,4.8,Mainland China,Yami,Cake,300,1497,1200
Pineapple Fortune Cake 3pcs,sunnyhills,4,22.99,No,4.8,Taiwan,Yami,Cake,400,9196,1600
Wang Lai Cake New Year Gift Box 414g,sunnyhills,1,64.99,No,5,Taiwan,Yami,Cake,400,25996,1600
Rice Cake Red Bean Flavor 980g,mei hua siang,5,6.99,7 Options,4.6,Taiwan,Yami,Cake,400,2796,1600
Sun Cake 300g,sun booth,361,6.99,4 Options,4.6,Taiwan,Yami,Cake,400,2796,1600
Rice Cake Coconut Flavor 480g,mei hua siang,4,3.59,7 Options,4.8,Taiwan,Yami,Cake,400,1436,1600
Lava Cake Egg Yolk Flavor 220g,aji,26,6.49,3 Options,4.9,Mainland China,Yami,Cake,100,649,400
Jujube Cake With Osmanthus 168g,yumei,536,3.49,No,4.7,Mainland China,Yami,Cake,400,1396,1600
Duen Tai Crystal Taro Cake 3/pk,dunetai,7,13.99,No,4.9,Taiwan,Yami,Cake,400,5596,1600
Happiness Cake Gift Box 880g Style B,dao xiang cun,5,26.99,No,5,Mainland China,Yami,Cake,200,5398,800
DXC Nuts Cake 880g,dao xiang cun,4,18.99,No,5,Mainland China,Yami,Cake,200,3798,800
Pineapple Paste Cake 300g,lam sheng kee,1,14.99,3 Options,4,Taiwan,Yami,Cake,400,5996,1600
Banh Pia Taro Durian Cake Yolk 4pc 400g,thien sa,74,9.69,3 Options,4.5,Vietnam,Yami,Cake,400,3876,1600
YZD Mini Cake Salted Egg Yolk Flavor 188g,aji taiwan,9,3.49,No,4.2,Taiwan,Yami,Cake,300,1047,1200
YZD Mini Cake Milk Flavor 188g,aji taiwan,4,3.49,No,4.5,Taiwan,Yami,Cake,300,1047,1200
Mung Bean Cake Osmanthus Flavor 190g,zhiweiguan,137,7.79,4 Options,4.7,Mainland China,Yami,Cake,400,3116,1600
Custard Cream Cake Family Size 12pc 276g,lotte korea,137,7.89,2 Options,4.6,Korea,Yami,Cake,400,3156,1600
Pineapple Cake 45g*12,chia te,4,39.99,No,5,Taiwan,Yami,Cake,100,3999,400
Ball Cake Cookie 210g,want want,248,4.29,6 Options,4.9,Taiwan,Yami,Cake,400,1716,1600
?€?Frozen?€?Jujube And Pumpkin Rice Cake,huangfeihong,1,3.69,No,5,Mainland China,Yami,Cake,400,1476,1600
Taiwan Pineapple Cake 227g,nice choice,187,2.99,No,4.2,Taiwan,Yami,Cake,400,1196,1600
Rice Cake with Black Bean Sauce 128g,otaste,0,2.99,No,0,Korea,Yami,Cake,400,1196,1600
Date Medlar Flour Cake 12 pack in 270g,bestore,24,3.59,No,4.2,Mainland China,Yami,Cake,100,359,400
LAVA Cake Cheese Flavor 220g,aji,29,6.49,3 Options,4.7,Mainland China,Yami,Cake,100,649,400
Rice Cake with Spicy Sauce 128g,otaste,0,2.99,No,0,Korea,Yami,Cake,400,1196,1600
Baolaifa Brown Sugar Rice Cake -Red Bean 550g,?????????,1,21.99,No,5,Taiwan,Yami,Cake,400,8796,1600
Cup Rice Cake Jjajang 144g,wellheim,7,2.49,No,4.6,Korea,Yami,Cake,400,996,1600
Pineapple Cake 227g,nice choice,1,1.99,No,5,Taiwan,Yami,Cake,400,796,1600
Sandwich Cake Matcha Flavor 90g,moranca,56,3.99,No,4.5,Mainland China,Yami,Cake,400,1596,1600
Longjin Mung Bean Cake150g,zhiweiguan,101,6.99,2 Options,4.8,Mainland China,Yami,Cake,400,2796,1600
CNY rice Cake Red Bean 480g,mei hua siang,11,3.59,7 Options,4.8,Taiwan,Yami,Cake,400,1436,1600
Longjing Green Tea Osmanthus Cake 190g,zhiweiguan,72,8.49,No,4.7,Mainland China,Yami,Cake,400,3396,1600
JoyJoy Golden Cake Gift Set 240g,joyjoy,3,38.99,No,4.7,Taiwan,Yami,Cake,400,15596,1600
Dorayaki Baked Red Bean Cake 5pc,shirakiku,49,3.99,3 Options,4.7,Japan,Yami,Cake,400,1596,1600
Pineapple Cake 16 Pieces 500g,sunnyhills,2,59.99,No,5,Taiwan,Yami,Cake,400,23996,1600
Mung Bean Cake Matcha Flavor 190g,zhiweiguan,83,7.79,4 Options,4.7,Mainland China,Yami,Cake,400,3116,1600
Mung Bean Cake Original Flavor 190g,zhiweiguan,126,7.79,4 Options,4.7,Mainland China,Yami,Cake,400,3116,1600
Baked Red Bean Cake Green Tea 6packs 310g,wangjing,176,6.99,4 Options,4.6,Japan,Yami,Cake,400,2796,1600
Macaron Cake Matcha Flavor 126g,jinsibo,0,4.69,No,0,Mainland China,Yami,Cake,400,1876,1600
?€?Frozen?€?Sweet-Scented Osmanthus Rice Cake,qwyc,0,3.49,No,0,Mainland China,Yami,Cake,400,1396,1600
Rice Cake Original 500g,liufu,5,3.99,No,5,Mainland China,Yami,Cake,25,100,100
Black Sesame Cake 170g,nice choice,31,4.19,No,4.7,Taiwan,Yami,Cake,400,1676,1600
Pineapple Cake 184g,royal family,22,2.79,4 Options,4.4,Taiwan,Yami,Cake,400,1116,1600
Rice Cake 400g,maruho,124,5.79,No,4.8,Japan,Yami,Cake,400,2316,1600
Durian Cake 300g,maoshanwang,105,3.99,No,4.8,Mainland China,Yami,Cake,400,1596,1600
Mango Cake 300g,lam sheng kee,1,14.99,3 Options,5,Taiwan,Yami,Cake,400,5996,1600
"Rice Cake Original Flavor Low Sugar, 500g",liufu,9,3.99,No,4.4,Mainland China,Yami,Cake,25,100,100
Rice Cake Red Bean Flavor 500g,liufu,7,3.99,No,4.7,Mainland China,Yami,Cake,25,100,100
"Rice Cake Original Flavor Low Sugar, 500g",liufu,9,3.99,No,4.4,Mainland China,Yami,Cake,25,100,100
Green Bean Mochi Cake 300g,royal family,165,6.29,No,4.5,Taiwan,Yami,Cake,400,2516,1600
Sugar Free Pineapple Cake 276g,royal family,122,6.99,No,4.6,Taiwan,Yami,Cake,400,2796,1600
Original Rice Cake Cookie 12pc 258g,cw,140,5.29,No,4.3,Korea,Yami,Cake,300,1587,1200
Happiness Cake Gift Box 880g,dao xiang cun,4,28.99,No,5,Mainland China,Yami,Cake,200,5798,800
Custard Soft Cup Cake Cream and Egg Yolk Pie 12Packs  276g,orion,224,4.89,No,4.7,Korea,Yami,Cake,400,1956,1600
Ball Cake Original 60g,want want,58,1.99,No,4.9,Taiwan,Yami,Cake,400,796,1600
Custard Cream Cake 500g,daligroup,13,5.99,2 Options,4.5,Mainland China,Yami,Cake,400,2396,1600
Pineapple Cake 500g,sunnyhills,11,39.99,3 Options,5,Taiwan,Yami,Cake,400,15996,1600
TECHANG FOOD Tofu Cake Black Peeper Flavor 115g,te chang food,38,1.69,No,4.2,Taiwan,Yami,Cake,400,676,1600
Macaron Cake Original,jinyu,1,3.49,No,5,Mainland China,Yami,Cake,400,1396,1600
Walnut Rice Cake 198g,shendacheng,2,11.9,No,5,Mainland China,Yami,Cake,400,4760,1600
Hong Kong Style Flavored Sadish Cake Powder 500g,jaguar,4,6.09,No,5,Taiwan,Yami,Cake,25,152,100
Hot Kid Ball Cake Original 320g,want want,9,5.49,No,4.9,Taiwan,Yami,Cake,400,2196,1600
New York Cheese Cake 170g,crown,33,4.99,No,4,Korea,Yami,Cake,100,499,400
Chestnut Rice Cake Cookie 12pc 258g,cw,30,5.29,No,3.9,Korea,Yami,Cake,100,529,400
Waffle Cake Yogurt Flavor 270g,haoyoulikids,9,4.99,No,4.7,Mainland China,Yami,Cake,400,1996,1600
DXC Soft Flour Cake Original Flavor 454g,dao xiang cun,56,7.49,3 Options,4.4,Mainland China,Yami,Cake,300,2247,1200
Malaysia Asteros Roll Heart Cake Tiramisu Flavor 40g,o-mac,28,0.99,3 Options,4.4,Malaysia,Yami,Cake,400,396,1600
Korean Rice Cake Apple Flavored Cookie Pie 12pcs 234g,cw,27,5.29,No,4.6,Korea,Yami,Cake,100,529,400
Pea Cake 200g,gonyufang,5,5.99,No,5,Mainland China,Yami,Cake,400,2396,1600
TECHANG FOOD Tofu Cake Artificial Beef Flavor 115g,te chang food,16,1.69,No,3.9,Taiwan,Yami,Cake,400,676,1600
Ohyes Premium Chocolate Coated Cake With Chocolate Filling 6Pcs,haitai,27,1.89,No,4.4,Korea,Yami,Cake,25,47,100
Warm Heart Cake 28g,moranca,15,1.49,7 Options,4.3,Mainland China,Yami,Cake,400,596,1600
Egg Flavor Soft Flour Cake 227g,nice choice,25,1.99,No,3.5,Taiwan,Yami,Cake,400,796,1600
Dracula Yogurt Flavor Cake Cranberry Filling 135g,dracula,18,3.59,No,4.9,Mainland China,Yami,Cake,400,1436,1600
Baked Soft Cake - Chestnut 198g,kubota,20,4.29,8 Options,3.9,Japan,Yami,Cake,25,107,100
YANG HANG Fermented Bean Curd Cake 240g,yanghang,8,3.99,No,3.8,Mainland China,Yami,Cake,400,1596,1600
Mochi - Sesame & Wheat Cake (Kuro Goma Kinako) 139g,kubota,8,3.59,No,4.1,Japan,Yami,Cake,25,90,100
DAXI Garlic Flavor Tofu Cake 150g,yuxiang,13,1.49,5 Options,3.8,Taiwan,Yami,Cake,400,596,1600
TECHANG FOOD Tofu Cake Spiced Flavor 110g,te chang food,12,1.79,No,4.7,Taiwan,Yami,Cake,400,716,1600
Beijing Wheat Flour Cake 200g,gonyufang,5,5.99,No,4,Mainland China,Yami,Cake,400,2396,1600
Bubble Milk Tea Pineapple Cake 270g,xiaoshandenglu,16,5.99,No,4.9,Taiwan,Yami,Cake,400,2396,1600
Almond Cake 226g,fragance,8,3.99,No,4.9,Hong Kong,Yami,Cake,400,1596,1600
Dracula Yogurt Flavor Cake Raisin Filling 135g,dracula,11,3.59,No,4,Mainland China,Yami,Cake,400,1436,1600
Pineapple cake 200g,smile sun,13,2.99,3 Options,4.3,Taiwan,Yami,Cake,400,1196,1600
Black Sugar Cake 300g,royal family,10,5.59,No,4.2,Taiwan,Yami,Cake,400,2236,1600
Baked Cake Swiss Roll 12pc,daisho,9,6.99,No,3.6,Japan,Yami,Cake,25,175,100
PANPAN Swiss Roll Strawberry Flavor Roll Cake 200g,asia foods,2,2.59,No,4.5,Mainland China,Yami,Cake,300,777,1200
Russia Cake 15pcs,nakayama,6,18.99,4 Options,4.3,Japan,Yami,Cake,400,7596,1600
Gateau Chocolate Cake 179g,morinaga,2,4.69,No,5,Japan,Yami,Cake,400,1876,1600
Seasonal French Rice Cake Gift Box,fukuoka,2,9.99,No,5,Japan,Yami,Cake,400,3996,1600
Matcha Layer Cake 12pc 288g,bailefen,11,12.99,3 Options,3.4,Mainland China,Yami,Cake,100,1299,400
"Moonlight Cream Filling Soft Cake, 6pcs",morinaga,3,5.49,No,4.7,Japan,Yami,Cake,400,2196,1600
Daliyuan Sha Si Ding Cake Lemon Flavor) 240g,daligroup,0,4.69,No,0,Mainland China,Yami,Cake,25,117,100
Otona Puchi Basuku Chizu Cake 43g,bourbon,4,2.29,No,4.8,Japan,Yami,Cake,300,687,1200
?€?Frozen?€?Vege Fish Cake 170g,wang food,0,3.49,No,0,Korea,Yami,Cake,400,1396,1600
NANBEIFANG Cake Flour 500g,sunright,0,2.99,No,0,Taiwan,Yami,Cake,400,1196,1600
KOTOBUKI SWEET BEAN CAKE(HIROSHIMA MOMIJI)  297.5g,kotobuki azuki,3,5.59,No,2.3,Japan,Yami,Cake,200,1118,800
?€?Frozen?€?Sliced Rice Cake 650g,wang food,0,3.49,No,0,Korea,Yami,Cake,400,1396,1600
?€?Frozen?€?Rose Cake 420g,dao xiang cun,1,7.99,No,4,Mainland China,Yami,Cake,400,3196,1600
Charcoal Pineapple Cake 600g,kaonuxu,2,59.99,8 Options,5,Taiwan,Yami,Cake,400,23996,1600
Mixed 3 Flavors Pineapple Cake Original + Charcoal + Matcha Flavor 600g,kaonuxu,2,59.99,8 Options,5,Taiwan,Yami,Cake,400,23996,1600
Soft Flour Cake Egg Crisp Crackers Egg Flavor 600g,miguduo,6,3.99,No,2.8,Mainland China,Yami,Cake,400,1596,1600
Egg soft cake 600g,sea woods,1,5.59,No,4,Taiwan,Yami,Cake,400,2236,1600
Coconut Flavor Swiss Roll Cake 24pcs,other brands,3,4.69,4 Options,4,Unclear,Yami,Cake,400,1876,1600
Sesame Flour Soft Flour Cake 960g,jingyizhen,2,9.99,2 Options,5,Mainland China,Yami,Cake,200,1998,800
MEIHUASIANG Brown Sugar Rice Cake 480g,mei hua siang,6,3.59,7 Options,4.7,Taiwan,Yami,Cake,400,1436,1600
Macaron Cake Matcha Flavor 126g,jinsibo,0,4.69,No,0,Mainland China,Yami,Cake,400,1876,1600
Sachima Soft Flour Cake Xylitol Flavor 454g,dao xiang cun,40,8.49,3 Options,4.5,Mainland China,Yami,Cake,100,849,400
Half Baked Soy Milk Mini Cake 190g,chikodo,82,6.99,No,4.4,Mainland China,Yami,Cake,300,2097,1200
Korean Style Chestnut Osmanthus Cake 190g,zhiweiguan,67,8.69,No,4.6,Mainland China,Yami,Cake,400,3476,1600
Mung Bean Cake Cranberry Flavor 190g,zhiweiguan,67,7.79,4 Options,4.7,Mainland China,Yami,Cake,400,3116,1600
Rice Cake Original 500g,liufu,5,3.99,No,5,Mainland China,Yami,Cake,25,100,100
Yun Cake 100g,snack lab,45,2.49,No,4.8,Mainland China,Yami,Cake,400,996,1600
Sliced Rice Cake 600g,other brands,19,3.59,No,4.8,Unclear,Yami,Cake,400,1436,1600
DXC Flower Cake Rose Flavor 8pc 400g,dao xiang cun,31,19.99,No,4.7,Mainland China,Yami,Cake,200,3998,800
Cake Powder 500g,baisha,14,2.39,No,4.9,Mainland China,Yami,Cake,25,60,100
Duran Cake 300g,daixiangyuan,56,5.25,No,4.4,Mainland China,Yami,Cake,300,1575,1200
Flower Cake-Rose Flavor 210g,xiangguan,38,3.69,4 Options,4.7,Mainland China,Yami,Cake,400,1476,1600
Banana Cake 15pcs 450g,senyou,47,5.39,No,4,Mainland China,Yami,Cake,400,2156,1600
Daoxiangcun Beijing Wheat Flour Cake 360g,su zhou daoxiangcun,8,8.99,2 Options,3.2,Mainland China,Yami,Cake,400,3596,1600
INTERNATIONAL FOOD Mung Bean Cake Original Flavor 300g,zhoujimeishi,44,2.99,No,3.1,Mainland China,Yami,Cake,400,1196,1600
SANKIO Sweetheart Cake 300g,?????????,10,3.49,No,3.4,Mainland China,Yami,Cake,400,1396,1600
?€?Hot & New?€?Rice Cake Original Flavor50g,beifu,7,1.49,No,3.9,Mainland China,Yami,Cake,300,447,1200
Kit Kat Chocolatory Wafer Everyday Luxury Strawberry Cheese Cake Flavor 12pcs 109g,nestle,7,6.99,19 Options,4.7,Japan,Yami,Cake,400,2796,1600
Hot & Spicy Rice Cake 120g,young mi,16,2.69,No,4.2,Korea,Yami,Cake,400,1076,1600
Pineapple Cake Box 16pc,hsintungyang,0,14.99,No,0,Taiwan,Yami,Cake,200,2998,800
Wheat Germ Honey Cake 300g,organic chateau,27,11.99,No,4.6,Taiwan,Yami,Cake,400,4796,1600
Fish Tofu Cake-Spicy 85g,yanting fisherman,30,2.29,No,4.5,Mainland China,Yami,Cake,400,916,1600
Hsin Tung Yang Bubble Milk Tea Cake 250g,hsintungyang,2,10.99,2 Options,5,Taiwan,Yami,Cake,400,4396,1600
Red Bean Rice Cake 4 pc,wufangzhai,10,9.99,2 Options,4.9,Mainland China,Yami,Cake,400,3996,1600
Red Bean Paste Cake 8pcs 208g,senjuan,1,7.99,No,2,Japan,Yami,Cake,400,3196,1600
Malaysia Asteros Roll Heart Cake Chocolate Flavor 40g,o-mac,26,0.99,3 Options,4.4,Malaysia,Yami,Cake,400,396,1600
"Heart Baked Cake Orange Flavor, 100g",moranca,17,3.69,No,4.8,Mainland China,Yami,Cake,400,1476,1600
TAIWAN Taro cake 360g,mincher,19,3.09,2 Options,3.8,Taiwan,Yami,Cake,400,1236,1600
Tiramisu Banana Cake 12.06oz,osaka,1,19.99,No,4,Japan,Yami,Cake,400,7996,1600
Gongliang Zeng Cake (Glutinous Millet) 360g,valley,5,4.29,No,4.2,Mainland China,Yami,Cake,400,1716,1600
Spicy Rice Cake Bowl with Hot Sauce 292g,chilkab,19,3.59,No,0,Korea,Yami,Cake,400,1436,1600
MON CHER Cacao Cake 6pcs 192g,lotte korea,17,3.29,4 Options,4.2,Korea,Yami,Cake,25,82,100
Gateau  Chocolate Cake 185g,morinaga,12,5.49,No,4.7,Japan,Yami,Cake,400,2196,1600
Lava Cake Gift Box 90g,shendacheng,11,11.99,No,4,Mainland China,Yami,Cake,400,4796,1600
Fish Tofu Cake-Crab Flavor 85g,yanting fisherman,19,2.29,No,3.8,Mainland China,Yami,Cake,400,916,1600
TAIWAN Pineapple Cake 360g,mincher,19,3.09,2 Options,4,Taiwan,Yami,Cake,400,1236,1600
MARUKYO Bean Cake 8pcs,wangjing,7,5.99,No,3.9,Japan,Yami,Cake,400,2396,1600
MON CHER Cream Cake 6pcs 192g,lotte korea,12,2.99,4 Options,3.9,Korea,Yami,Cake,25,75,100
BANANA CAKE ROLL 156g,bourbon,7,4.59,No,4.1,Japan,Yami,Cake,25,115,100
Fish-shaped Cake 248g,haoyoulikids,7,4.49,No,4.9,Mainland China,Yami,Cake,400,1796,1600
Yuzu Apple Cake 6pcs 300g,sunnyhills,1,33.99,3 Options,5,Taiwan,Yami,Cake,400,13596,1600
DXC Pineapple Cake 400g,dao xiang cun,3,9.99,No,3.7,Mainland China,Yami,Cake,400,3996,1600
LAMSHENGKEE Pineapple Cake 435g,lam sheng kee,12,4.29,No,3.8,Taiwan,Yami,Cake,25,107,100
AC-Frozen Steamed Rice Cake 280g,asian choice,0,5.99,No,0,Unclear,Yami,Cake,300,1797,1200
Peach Cake 250g,bamboo house,10,4.79,No,4.1,Taiwan,Yami,Cake,200,958,800
Hsin Tung Yang Bubble Latte Cake 249g,hsintungyang,2,10.99,2 Options,4,Taiwan,Yami,Cake,400,4396,1600
Baked Soft Cake - Green Tea 200g,kubota,7,4.29,8 Options,5,Japan,Yami,Cake,25,107,100
Baked Cake (Swiss Baum) 190g,daisho,10,4.99,No,3.2,Japan,Yami,Cake,25,125,100
Baked Soft Cake 200g,kubota,9,4.29,8 Options,3.6,Japan,Yami,Cake,25,107,100
Melon cake 208g,smile sun,6,2.09,3 Options,4.8,Taiwan,Yami,Cake,400,836,1600
Shao Xing Longan Cake 300g,royal family,5,5.59,No,4,Taiwan,Yami,Cake,400,2236,1600
Chocolate Marshmallow Stick Cake 220g,crown,2,5.99,No,3.5,Korea,Yami,Cake,25,150,100
Macaron Cake Blackcurrant,jinyu,2,3.49,No,3.5,Mainland China,Yami,Cake,400,1396,1600
Rice Cake Chestnut Flavor 10.5oz,huazhilian,2,4.09,4 Options,1.5,Mainland China,Yami,Cake,400,1636,1600
?€?Frozen?€?Rice Cake with Fish Cake & Seaweed Roll 360g,pmo,0,5.99,No,0,Korea,Yami,Cake,400,2396,1600
Mochi-Outside Red Bean Cake(Ankoro) 122g,kubota,4,3.59,No,2,Japan,Yami,Cake,25,90,100
Lemon Flavor Cake 180g,cundo,1,3.49,No,1,Mainland China,Yami,Cake,200,698,800
Raisin soft cake 600g,sea woods,0,5.29,No,0,Taiwan,Yami,Cake,400,2116,1600
Rice Cake 144g,shiawasedo,1,3.69,No,1,Japan,Yami,Cake,400,1476,1600
Mango Pineapple Cake 600g,kaonuxu,0,59.99,8 Options,0,Taiwan,Yami,Cake,400,23996,1600
Purple Sweet Patato Cake 300g,lam sheng kee,1,14.99,3 Options,5,Taiwan,Yami,Cake,400,5996,1600
Beef Bone Rice Cake Soup 181.6g,ottogi,75,2.99,No,4.2,Korea,Yami,Cake,400,1196,1600
Carb Balance Baked Cheese Cake 6pcs,bourbon,1,4.29,No,4,Japan,Yami,Cake,300,1287,1200
Banh Pia Durian Cake Yolk 5pc 350g,thien sa,139,6.89,3 Options,4.8,Vietnam,Yami,Cake,400,2756,1600
Rice Cake Coconut Flavor 500g,liufu,7,3.99,No,5,Mainland China,Yami,Cake,25,100,100
DXC Rice Cake Sheets Mixed 160g,dao xiang cun,156,4.29,No,3.9,Mainland China,Yami,Cake,300,1287,1200
Spicy Rice Cake with Soup 426g,ottogi,97,4.99,No,4.7,Korea,Yami,Cake,400,1996,1600
Black Pineapple Cake 6pc,cherry grandfather,2,16.99,No,4.5,Taiwan,Yami,Cake,200,3398,800
HAI DUONG VIET NAM Green Bean Cake 410g,dai phu,33,2.99,No,4.9,Vietnam,Yami,Cake,100,299,400
Rose With Mochi Flower Cake 320g,huamuzi,66,8.99,7 Options,4.8,Mainland China,Yami,Cake,25,225,100
Durian Cake 210g,xiangguan,68,3.69,4 Options,4.2,Mainland China,Yami,Cake,400,1476,1600
"Yam Cake, 252g",sanweisuwu,9,23.99,No,4.6,Mainland China,Yami,Cake,400,9596,1600
Sun Cake 5pcs 190g,chen yun pao chuan,144,8.99,9 Options,4.8,Taiwan,Yami,Cake,300,2697,1200
Taro Rice Cake 4pc,wufangzhai,8,9.99,2 Options,4.5,Mainland China,Yami,Cake,400,3996,1600
Chocopie Filled With Sweet Rice Cake 258g,cw,32,5.29,No,4.5,Korea,Yami,Cake,100,529,400
Rose With Sweet Potato Flower Cake 320g,huamuzi,28,8.99,7 Options,4.6,Mainland China,Yami,Cake,25,225,100
ELLSE Vanilla Flavor Cake 26pc,euro,41,3.99,No,4.2,Thailand,Yami,Cake,400,1596,1600
Chocolate in Rice Cake Mochi 8pcs,bourbon,38,3.59,No,4.6,Japan,Yami,Cake,400,1436,1600
Raisin Sesame Soft Flour Cake 227g,nice choice,42,1.99,No,4.3,Taiwan,Yami,Cake,400,796,1600
Fish Tofu Cake Cumin Flavor 100g,yanting fisherman,39,2.99,No,4.3,Mainland China,Yami,Cake,400,1196,1600
ELLSE Pandan Flavor Cake 26pc,euro,23,3.99,No,4.3,Tailand,Yami,Cake,25,100,100
Red Bean Cake 5pcs,mizuho,33,6.29,No,4.5,Mainland China,Yami,Cake,400,2516,1600
Black Sugar Pearl Boba Pineapple Cake 450g,tiger sugar,8,19.99,No,4.1,Taiwan,Yami,Cake,400,7996,1600
TECHANG FOOD Tofu Cake Vegetarian Flavor 115g,te chang food,19,1.69,No,4.3,Taiwan,Yami,Cake,400,676,1600
Custard Cake 165g,lotte korea,19,5.59,No,4.7,Korea,Yami,Cake,200,1118,800
milk Cake 180g,shiawasedo,27,5.29,2 Options,4,Japan,Yami,Cake,400,2116,1600
Rose With Egg Yolk Flower Cake 320g,huamuzi,19,8.99,7 Options,4.2,Mainland China,Yami,Cake,25,225,100
Japanese Baked Mini Cake 249g,heguozi,11,5.99,No,3.1,Japan,Yami,Cake,400,2396,1600
?€?Frozen?€?Taro Mille Crepe Cake 963g,touched,8,32.99,3 Options,4.6,Taiwan,Yami,Cake,400,13196,1600
Roll Cake Strawberry Flavor 240g,fershay,21,3.19,No,4.7,Thailand,Yami,Cake,25,80,100
Avocado Cake 300g,maoshanwang,18,3.99,No,4.4,Mainland China,Yami,Cake,25,100,100
Butter Cake 80g,huamei,9,1.79,2 Options,5,Mainland China,Yami,Cake,400,716,1600
PINEAPPLE CAKE Black Pineappe Cake,sanweisuwu,7,23.99,No,4.7,Mainland China,Yami,Cake,400,9596,1600
HAOYOULI CircleI Cake Condensed Milk Flavor 280g,haoyoulikids,10,4.59,4 Options,4.7,Mainland China,Yami,Cake,400,1836,1600
Dracula Yogurt Flavor Cake Dried Mango Filling 135g,dracula,13,3.59,No,4.5,Mainland China,Yami,Cake,400,1436,1600
Milk Flavor Cake 180g,cundo,11,3.49,No,4.5,Mainland China,Yami,Cake,25,87,100
Taiwan Red quinoa black sesame cake 252g,djulis,2,17.99,No,5,Taiwan,Yami,Cake,200,3598,800
Durian Mochi Cake,royal family,13,2.99,No,3.5,ROYAL FAMILY,Yami,Cake,400,1196,1600
HAOYOULI CircleI Cake Egg Original Flavor 280g,haoyoulikids,10,4.59,4 Options,4.6,Mainland China,Yami,Cake,400,1836,1600
Rose With Pine Nut Flower Cake 320g,huamuzi,7,8.99,7 Options,4.3,Mainland China,Yami,Cake,25,225,100
INTERNATIONAL FOOD Mung Bean Cake Sesame Flavor 300g,zhoujimeishi,7,2.99,No,3.9,Mainland China,Yami,Cake,400,1196,1600
Baked Soft Cake Lemon 200g,kubota,12,4.29,8 Options,4.2,Japan,Yami,Cake,25,107,100
Milk Cake  500g,yi mai fan,4,29.99,4 Options,5,Mainland China,Yami,Cake,400,11996,1600
Chiffon Cake 500g,yi mai fan,7,29.99,4 Options,4.4,Mainland China,Yami,Cake,400,11996,1600
Durian Cake 200g,aji,3,4.19,No,5,Mainland China,Yami,Cake,300,1257,1200
?€?Frozen?€?Rice Cake Stick 650g,wang food,1,3.49,No,5,Korea,Yami,Cake,400,1396,1600
?€?Frozen?€?Black Sesame Chestnut Mont Blanc Cake 239g,goyo shokuhin,4,11.99,No,4.8,Japan,Yami,Cake,200,2398,800
Milk Flavor Almond Puff Cake 80g,imei,8,2.99,No,3.8,Taiwan,Yami,Cake,25,75,100
?€?Frozen?€?Pumpkin Cake Redbean 200g,sinian,0,2.79,No,0,Mainland China,Yami,Cake,400,1116,1600
Blueberry Flavor Swiss Roll Cake 24pcs,other brands,7,4.69,4 Options,4.4,Unclear,Yami,Cake,400,1876,1600
Mini Honey Cake 500g,docim,2,10.49,No,5,Mainland China,Yami,Cake,400,4196,1600
Peanut cake 50g*10,yen shin fa cookies,7,36.99,No,3.6,Taiwan,Yami,Cake,400,14796,1600
YUKI/LOVE Salted Egg Yolk Cake 200g,yuki&love,1,3.59,No,3,Taiwan,Yami,Cake,400,1436,1600
Baked Soft Cake - Orange 198g,kubota,8,4.29,8 Options,2.6,Japan,Yami,Cake,25,107,100
Macaron Cake Cranberry,jinyu,1,3.49,No,5,Mainland China,Yami,Cake,400,1396,1600
Green Tea Cake 300g,royal family,4,5.59,No,4.2,Taiwan,Yami,Cake,400,2236,1600
Soft Flour Cake Egg Crisp Crackers Sesame Flavor 600g,miguduo,2,3.99,No,5,Mainland China,Yami,Cake,400,1596,1600
ECHIGO Mochidukuri A Rick cake 139g,miyukido honpo,0,10.99,No,0,Japan,Yami,Cake,400,4396,1600
Matcha Chocolate Cake 6pc,bourbon,0,4.89,No,0,Japan,Yami,Cake,300,1467,1200
Rice Cake Fruit Flavor 300g,huazhilian,4,4.09,4 Options,1,Mainland China,Yami,Cake,400,1636,1600
MARUKYO Baked Red Bean Cake Green Tea 6Packs 310g,wangjing,0,6.99,No,0,Japan,Yami,Cake,400,2796,1600
Monet's Garden Golden & Lychee Pineapple Cake Gift Set 8/Box,emperor love,0,24.99,No,0,Taiwan,Yami,Cake,200,4998,800
Banh Pia Durian Cake Vegetarian 4pc 280g,thien sa,91,4.99,3 Options,4.6,Vietnam,Yami,Cake,400,1996,1600
MON CHER Cacao Cake 12pcs 384g,lotte korea,32,7.99,4 Options,4.8,Korea,Yami,Cake,400,3196,1600
Mellow Bean Paste Osmanthus Cake 190g,zhiweiguan,36,8.69,No,4.6,Mainland China,Yami,Cake,400,3476,1600
Longjin Green Tea Cake 150g,zhiweiguan,144,6.99,No,4.7,Mainland China,Yami,Cake,400,2796,1600
Mixed Moon Cake,lam sheng kee,16,23.99,No,4.1,Taiwan,Yami,Cake,400,9596,1600
Dorayaki Baked Red Bean Cake Matcha 5pc,shirakiku,5,5.49,3 Options,4.6,Japan,Yami,Cake,400,2196,1600
Carb Balance Baked Cheese Cake 6pcs,bourbon,1,4.29,No,4,Japan,Yami,Cake,300,1287,1200
Hand-made Crispy Cake 7.5g*12,sunnyhills,12,23.99,No,4.3,Taiwan,Yami,Cake,400,9596,1600
Flower Cake-Jasmine 210g,xiangguan,50,3.69,4 Options,4.6,Mainland China,Yami,Cake,400,1476,1600
Peach Steamed Rice Cake 540g,liziqi,8,22.99,No,4.9,Mainland China,Yami,Cake,400,9196,1600
Rose With Cheese Flower Cake 320g,huamuzi,38,8.99,7 Options,4.7,Mainland China,Yami,Cake,25,225,100
DXC Crisp Cake 180g,dao xiang cun,16,4.29,No,4.9,Mainland China,Yami,Cake,400,1716,1600
Rose With Honey Flower Cake 320g,huamuzi,28,8.99,7 Options,4.6,Mainland China,Yami,Cake,25,225,100
Roll Cake Vanilla Flavor 240g,fershay,42,3.19,2 Options,4.5,Thailand,Yami,Cake,400,1276,1600
TECHANG FOOD Tofu Cake Garlic Flavor 110g,te chang food,17,1.79,No,4.4,Taiwan,Yami,Cake,400,716,1600
Banh Pia Durian Cake Yolk 5pc 350g,thien sa,139,6.89,3 Options,4.8,Vietnam,Yami,Cake,400,2756,1600
Finger Cake Cheese Flavor 368g,heimuya,38,3.89,3 Options,4.6,Mainland China,Yami,Cake,25,97,100
Chan Pui Mui Cake 120g,ume house,9,4.69,No,4.8,Mainland China,Yami,Cake,400,1876,1600
YUKI & LOVE Pineapple Cake Boba Flavor 200g,yuki&love,20,3.59,No,4.2,Taiwan,Yami,Cake,400,1436,1600
TECHANG FOOD Tofu Cake Artificial Pork Flavor 115g,te chang food,25,1.69,No,4.4,Taiwan,Yami,Cake,400,676,1600
Demon Slayer Soft-Sen Rice Cake 40g,kuriyama ajimurasaki,4,2.99,No,5,Japan,Yami,Cake,25,75,100
Egg Flavor Soft Flour Cake 518g,jingyizhen,16,4.99,4 Options,4.5,Mainland China,Yami,Cake,25,125,100
TECHANG FOOD Tofu Cake Barbecue Flavor 115g,te chang food,6,1.69,No,3.7,Taiwan,Yami,Cake,400,676,1600
Yogurt Flavor Cake 240g,daligroup,12,4.39,No,4.9,Mainland China,Yami,Cake,400,1756,1600
Waffle Cake Egg Flavor 270g,haoyoulikids,6,3.99,No,4.8,Mainland China,Yami,Cake,400,1596,1600
BAMBOO HOUSE Pineapple Cake 300g,xiaoshandenglu,12,4.29,No,4.3,Taiwan,Yami,Cake,400,1716,1600
?€?Frozen?€?Uji Matcha Chestnut Mont Blanc Cake 239g,goyo shokuhin,4,11.99,No,5,Japan,Yami,Cake,200,2398,800
Rock cake 158g,yi mai fan,15,14.99,4 Options,4.5,Mainland China,Yami,Cake,400,5996,1600
Hazelnut Chocolate Cake 12pc 336g,orion,11,6.39,3 Options,4.5,Korea,Yami,Cake,400,2556,1600
Gongliang Zeng Cake (Osmanthus) 360g,valley,6,4.29,No,4.7,Mainland China,Yami,Cake,400,1716,1600
Wheat Red Bean & Sweet Potato Cake 209.5g,tenkei,15,4.99,No,4.6,Japan,Yami,Cake,400,1996,1600
Strawberry cake 208g,smile sun,17,2.09,3 Options,4.4,Taiwan,Yami,Cake,400,836,1600
DXC Rice Cake Sheets Mixed 160g,dao xiang cun,156,4.29,No,3.9,Mainland China,Yami,Cake,300,1287,1200
Ding Dong Bear Harry Cake Camel Milk Flavor 450g,docim,10,10.99,No,4.6,Mainland China,Yami,Cake,400,4396,1600
Fish Tofu Cake Spicy 100g,yanting fisherman,18,2.99,No,3.8,Mainland China,Yami,Cake,400,1196,1600
Steamed Cake Powder (Brown Sugar) 500g,jaguar,0,3.99,No,0,Taiwan,Yami,Cake,25,100,100
Mini Baked Chizu Cake 119g,bourbon,9,4.99,No,4.3,Japan,Yami,Cake,25,125,100
Pineapple cake 208g,smile sun,14,2.09,3 Options,4.4,Taiwan,Yami,Cake,400,836,1600
Beans Cake 150g,laman sweet,11,3.69,No,4.1,Japan,Yami,Cake,25,92,100
INTERNATIONAL FOOD Mung Bean Cake Grape Flavor 300g,zhoujimeishi,6,2.99,No,4,Mainland China,Yami,Cake,400,1196,1600
YEN SHIN-FA Pastry Peanuts Sun Cake 50g*10,yen shin fa cookies,7,36.99,No,2.9,Taiwan,Yami,Cake,400,14796,1600
Finger Cake Banana Flavor 368g,heimuya,9,3.89,3 Options,4.1,Mainland China,Yami,Cake,400,1556,1600
MARUKYO Steamed Bean Cake 8pcs 240g,wangjing,5,5.99,No,4.2,Japan,Yami,Cake,400,2396,1600
Dear Mapple Cheese Cake Gallette Sandwichs,morinaga,4,4.39,No,4.8,Japan,Yami,Cake,400,1756,1600
Finger Cake Cheese Flavor 368g,heimuya,38,3.89,3 Options,4.6,Mainland China,Yami,Cake,25,97,100
Chan Pui Mui Cake 120g,ume house,9,4.69,No,4.8,Mainland China,Yami,Cake,400,1876,1600
YUKI & LOVE Pineapple Cake Boba Flavor 200g,yuki&love,20,3.59,No,4.2,Taiwan,Yami,Cake,400,1436,1600
TECHANG FOOD Tofu Cake Artificial Pork Flavor 115g,te chang food,25,1.69,No,4.4,Taiwan,Yami,Cake,400,676,1600
Demon Slayer Soft-Sen Rice Cake 40g,kuriyama ajimurasaki,4,2.99,No,5,Japan,Yami,Cake,25,75,100
Egg Flavor Soft Flour Cake 518g,jingyizhen,16,4.99,4 Options,4.5,Mainland China,Yami,Cake,25,125,100
TECHANG FOOD Tofu Cake Barbecue Flavor 115g,te chang food,6,1.69,No,3.7,Taiwan,Yami,Cake,400,676,1600
Yogurt Flavor Cake 240g,daligroup,12,4.39,No,4.9,Mainland China,Yami,Cake,400,1756,1600
Waffle Cake Egg Flavor 270g,haoyoulikids,6,3.99,No,4.8,Mainland China,Yami,Cake,400,1596,1600
BAMBOO HOUSE Pineapple Cake 300g,xiaoshandenglu,12,4.29,No,4.3,Taiwan,Yami,Cake,400,1716,1600
Rock cake 158g,yi mai fan,15,14.99,4 Options,4.5,Mainland China,Yami,Cake,400,5996,1600
Hazelnut Chocolate Cake 12pc 336g,orion,11,6.39,3 Options,4.5,Korea,Yami,Cake,400,2556,1600
Gongliang Zeng Cake (Osmanthus) 360g,valley,6,4.29,No,4.7,Mainland China,Yami,Cake,400,1716,1600
Wheat Red Bean & Sweet Potato Cake 209.5g,tenkei,15,4.99,No,4.6,Japan,Yami,Cake,400,1996,1600
Strawberry cake 208g,smile sun,17,2.09,3 Options,4.4,Taiwan,Yami,Cake,400,836,1600
Ding Dong Bear Harry Cake Camel Milk Flavor 450g,docim,10,10.99,No,4.6,Mainland China,Yami,Cake,400,4396,1600
Fish Tofu Cake Spicy 100g,yanting fisherman,18,2.99,No,3.8,Mainland China,Yami,Cake,400,1196,1600
Steamed Cake Powder (Brown Sugar) 500g,jaguar,0,3.99,No,0,Taiwan,Yami,Cake,25,100,100
Mini Baked Chizu Cake 119g,bourbon,9,4.99,No,4.3,Japan,Yami,Cake,25,125,100
Pineapple cake 208g,smile sun,14,2.09,3 Options,4.4,Taiwan,Yami,Cake,400,836,1600
Beans Cake 150g,laman sweet,11,3.69,No,4.1,Japan,Yami,Cake,25,92,100
INTERNATIONAL FOOD Mung Bean Cake Grape Flavor 300g,zhoujimeishi,6,2.99,No,4,Mainland China,Yami,Cake,400,1196,1600
YEN SHIN-FA Pastry Peanuts Sun Cake 50g*10,yen shin fa cookies,7,36.99,No,2.9,Taiwan,Yami,Cake,400,14796,1600
Finger Cake Banana Flavor 368g,heimuya,9,3.89,3 Options,4.1,Mainland China,Yami,Cake,400,1556,1600
MARUKYO Steamed Bean Cake 8pcs 240g,wangjing,5,5.99,No,4.2,Japan,Yami,Cake,400,2396,1600
Dear Mapple Cheese Cake Gallette Sandwichs,morinaga,4,4.39,No,4.8,Japan,Yami,Cake,400,1756,1600
Pound Cake With Wrapping 209g,igetado,1,18.99,No,5,Japan,Yami,Cake,200,3798,800
Strawberry cake 200g,smile sun,9,2.99,3 Options,4.3,Taiwan,Yami,Cake,400,1196,1600
OH Yes Chocolate Coated Cake Purple Sweet Potato Flavor 360g,haitai,5,5.29,2 Options,4.4,Korea,Yami,Cake,400,2116,1600
Lemon Cake 336g,haoyoulikids,4,4.39,No,5,Mainland China,Yami,Cake,400,1756,1600
Mango Sandwich Cake 12pc 288g,bailefen,4,12.99,3 Options,4.2,Mainland China,Yami,Cake,300,3897,1200
Vanilla Flavor Swiss Roll Cake 24pcs,lontton,2,4.69,4 Options,4.5,Malaysia,Yami,Cake,25,117,100
Peanut Flavor Sun Cake Pastry 6pc,yen shin fa cookies,1,26.99,No,3,Taiwan,Yami,Cake,400,10796,1600
Walnut Date with Pine Nuts Cake 200g,cherry grandfather,0,14.99,2 Options,0,Taiwan,Yami,Cake,200,2998,800
Rice Cake Red Bean Flavor 10.5oz,huazhilian,3,4.09,4 Options,3.7,Mainland China,Yami,Cake,400,1636,1600
Bubble milk tea cake 175g,smile sun,3,4.19,No,4.7,Taiwan,Yami,Cake,400,1676,1600
Strawberry Flavor Swiss Roll Cake 24pcs,other brands,1,4.69,4 Options,4,Unclear,Yami,Cake,400,1876,1600
Milk Cake 390g,huamei,0,8.99,No,0,Mainland China,Yami,Cake,400,3596,1600
Red Velvet Strawberry Pie 6 Pieces,orion,6,4.59,3 Options,4.7,Korea,Yami,Cake,400,1836,1600
PanPan Ameria Dried Pastry Lemon Flavor 240g,asia foods,2,4.99,2 Options,5,Mainland China,Yami,Cake,200,998,800
Rice Cake Bowl w/Spicy Sauce 293g,beakje,57,3.99,No,4.4,Korea,Yami,Cake,300,1197,1200
Rice Cake w/Sweet Spicy Sauce 140g,yopokki,6,3.49,No,3.8,Korea,Yami,Cake,400,1396,1600
Dukboki Rice Cake Sauce 840g,maeil,3,4.29,No,5,Korea,Yami,Cake,25,107,100
Ice Cake  188g,yuanxian,108,1.59,No,4.1,Mainland China,Yami,Cake,400,636,1600
Eight Treasures Rice Cake 480g,mei hua siang,7,3.59,No,4.6,Taiwan,Yami,Cake,400,1436,1600
Glutinous rice cake 300g,yumei,20,2.99,No,4.2,Mainland China,Yami,Cake,400,1196,1600
Yam Cake Konjac Black 250g,spring farm,11,1.69,No,4.5,Mainland China,Yami,Cake,400,676,1600
GOUMENQIAN Rice Cake 350g,gou men qian,2,3.69,No,5,Mainland China,Yami,Cake,400,1476,1600
Cheese Fish Cake 115g,bestore,6,4.69,No,3.8,Mainland China,Yami,Cake,200,938,800
HANZHENGXUAN Rice Cake (Original) 200g,hanzhengzuan,26,3.49,No,4.9,Taiwan,Yami,Cake,25,87,100
Glutinous rice cake 300g,yumei,32,2.79,No,4.6,Mainland China,Yami,Cake,400,1116,1600
Rice Cake (with 5 Grains) 200g,hanzhengzuan,13,3.49,No,4.8,Taiwan,Yami,Cake,25,87,100
Fish Tofu Cake-Crab Flavor 20pcs 400g,yanting fisherman,17,5.69,No,4,Mainland China,Yami,Cake,400,2276,1600
Spicy Shirmp Cake 92g,bestore,8,5.89,No,2.1,Mainland China,Yami,Cake,25,147,100
Glutinous rice cake 300g,yumei,31,2.99,No,4.5,Mainland China,Yami,Cake,400,1196,1600
Tteok-bokki Sauce Korean Rice Cake Sauce Spicy 150g,haepyo,4,1.79,No,4.2,Korea,Yami,Cake,400,716,1600
WANG Fish Cake Cheese Flavor 10pc 340g,wang food,50,5.69,6 Options,4,Korea,Yami,Cake,400,2276,1600
Rice Cake 240g,jiaxian,19,1.99,No,4.5,Mainland China,Yami,Cake,25,50,100
Yam Cake Slice Noodle Konjac White 190g,spring farm,3,1.69,No,5,Mainland China,Yami,Cake,400,676,1600
Yam Cake Noodle Konjac 200g,spring farm,12,1.69,No,4.9,Mainland China,Yami,Cake,400,676,1600
Yam Cake Slice Black Konjac Slice 190g,spring farm,15,1.69,No,4.9,Mainland China,Yami,Cake,400,676,1600
HANZHENGXUAN Rice Cake (with Black Rice) 200g,hanzhengzuan,10,3.49,No,5,Taiwan,Yami,Cake,25,87,100
FUJIHORO Hollow Mini Pound Cake Type Square 57274 1 piece,fujihoro,0,6.33,No,0,Japan,Yami,Cake,400,2532,1600
Rice Cake w/Sweet Spicy Sauce 140g,yopokki,6,3.49,No,3.8,Korea,Yami,Cake,400,1396,1600
Dukboki Rice Cake Sauce 840g,maeil,3,4.29,No,5,Korea,Yami,Cake,25,107,100
Eight Treasures Rice Cake 480g,mei hua siang,7,3.59,No,4.6,Taiwan,Yami,Cake,400,1436,1600
Ice Cake  188g,yuanxian,108,1.59,No,4.1,Mainland China,Yami,Cake,400,636,1600
Glutinous rice cake 300g,yumei,20,2.99,No,4.2,Mainland China,Yami,Cake,400,1196,1600
Yam Cake Konjac Black 250g,spring farm,11,1.69,No,4.5,Mainland China,Yami,Cake,400,676,1600
GOUMENQIAN Rice Cake 350g,gou men qian,2,3.69,No,5,Mainland China,Yami,Cake,400,1476,1600
Cheese Fish Cake 115g,bestore,6,4.69,No,3.8,Mainland China,Yami,Cake,200,938,800
HANZHENGXUAN Rice Cake (Original) 200g,hanzhengzuan,26,3.49,No,4.9,Taiwan,Yami,Cake,25,87,100
Glutinous rice cake 300g,yumei,32,2.79,No,4.6,Mainland China,Yami,Cake,400,1116,1600
Rice Cake (with 5 Grains) 200g,hanzhengzuan,13,3.49,No,4.8,Taiwan,Yami,Cake,25,87,100
Fish Tofu Cake-Crab Flavor 20pcs 400g,yanting fisherman,17,5.69,No,4,Mainland China,Yami,Cake,400,2276,1600
Spicy Shirmp Cake 92g,bestore,8,5.89,No,2.1,Mainland China,Yami,Cake,25,147,100
Rice Cake 240g,jiaxian,19,1.99,No,4.5,Mainland China,Yami,Cake,25,50,100
Yam Cake Slice Noodle Konjac White 190g,spring farm,3,1.69,No,5,Mainland China,Yami,Cake,400,676,1600
Glutinous rice cake 300g,yumei,31,2.99,No,4.5,Mainland China,Yami,Cake,400,1196,1600
Tteok-bokki Sauce Korean Rice Cake Sauce Spicy 150g,haepyo,4,1.79,No,4.2,Korea,Yami,Cake,400,716,1600
WANG Fish Cake Cheese Flavor 10pc 340g,wang food,50,5.69,6 Options,4,Korea,Yami,Cake,400,2276,1600
Yam Cake Noodle Konjac 200g,spring farm,12,1.69,No,4.9,Mainland China,Yami,Cake,400,676,1600
Yam Cake Slice Black Konjac Slice 190g,spring farm,15,1.69,No,4.9,Mainland China,Yami,Cake,400,676,1600
HANZHENGXUAN Rice Cake (with Black Rice) 200g,hanzhengzuan,10,3.49,No,5,Taiwan,Yami,Cake,25,87,100
FUJIHORO Hollow Mini Pound Cake Type Square 57274 1 piece,fujihoro,0,6.33,No,0,Japan,Yami,Cake,400,2532,1600
Margaret Josefin Breath Palette X Christmas Cake 25g,the m,0,2.37,No,0,Japan,Yami,Cake,400,948,1600
